channel_id,name,description,country,followers,video_count,uploads_playlist,profile_url,platform
UCA8I9jeXDpTXcJuckaKU6Lg,Style over 60,"Welcome to Style Over 60 ✨
This channel is dedicated to women who want to rediscover beauty, confidence, and the power of style after 50, 60, and beyond.
Here you’ll find timeless fashion tips, elegant outfit ideas, trends adapted to maturity, and inspiration to feel amazing at any age.
Our goal is to show that elegance never ages — it evolves.
🎥 Weekly videos with chic looks, color palettes, and styling ideas that highlight your natural essence.

🔔 Subscribe and hit the notification bell so you don’t miss any new content.

📌 Topics you’ll find here:

How to dress with confidence after 60

Elegant and practical outfits for everyday life

Inspiration from global style icons

Fashion and self-esteem for mature women

",US,51600,625,UUA8I9jeXDpTXcJuckaKU6Lg,https://www.youtube.com/channel/UCA8I9jeXDpTXcJuckaKU6Lg,YouTube
UCHYBjqhZi9MGzn_ELIbK0_g,Skin Care Routine,,Not Found,0,9,UUHYBjqhZi9MGzn_ELIbK0_g,https://www.youtube.com/channel/UCHYBjqhZi9MGzn_ELIbK0_g,YouTube
UCDHkqPsi5hHq3Tq-hBfHcUQ,Makeup Maniac By Linda,"Hello Makeup Maniacs! This is Linda- Makeup,Beauty and Lifestyle related youtuber from Bangladesh.This channel will give you makeup related tutorials, hauls and reviews.DIY skin and hair care tips and much much more. . . 
*New Videos every week*
**Please subscribe **

Love yourself the most! No one else will ever know how much you deserve! :) Keep me in your prayers
-LINDA

Connect with me on my other social sites: 

Facebook : https://www.facebook.com/lamiamoktarlindapage

Instagram : https://www.instagram.com/makeupmaniacbylinda/

Snapchat- Makeupmaniac123

*If you are a business/company  and you would like to contact me please feel free to contact me :

Gmail: makeupmaniacbylinda@gmail.com",BD,753000,411,UUDHkqPsi5hHq3Tq-hBfHcUQ,https://www.youtube.com/channel/UCDHkqPsi5hHq3Tq-hBfHcUQ,YouTube
UCX9UxZNs1Cy0jpjFd0U697A,skincare routine ,"🌸 Welcome to Daily Skincare Routine! 🌸
Discover simple and practical skincare routines, beauty tips, skincare ingredients, and healthy skin care advice for your daily routine. ✨
On this channel, you’ll find: 🧴 Daily skincare routines
🌿 Skincare tips & home care
✨ Tips for glowing, healthy-looking skin
💧 Skin hydration & skin barrier care
☀️ Sunscreen and sun-care tips
💆‍♀️ Beauty and self-care ideas
📱 Short and easy skincare videos
Subscribe and follow along for simple skincare tips to help you build a better daily routine. 💕",PK,6,19,UUX9UxZNs1Cy0jpjFd0U697A,https://www.youtube.com/channel/UCX9UxZNs1Cy0jpjFd0U697A,YouTube
UCQ5YFJa9GhCLsbruzdAO4ew,Zehra fashion Haul ,"Welcome to Zehra Fashion Haul ✨
Your daily dose of beautiful fashion & outfit inspiration 💕
👗 AI Fashion Reels 🛍️ Amazon Fashion Finds 🌸 Stylish Kurtis & Ethnic Wear 💖 Trendy Outfits for Girls
Follow for more pretty outfit ideas & fashion inspiration!
#Fashion #AmazonFinds #WomensFashion #FashionShorts",Not Found,0,4,UUQ5YFJa9GhCLsbruzdAO4ew,https://www.youtube.com/channel/UCQ5YFJa9GhCLsbruzdAO4ew,YouTube
UCz2MP7swJ4CHXF9ccAijSZA,@Madhuri makeup tutorial video ,,Not Found,102,107,UUz2MP7swJ4CHXF9ccAijSZA,https://www.youtube.com/channel/UCz2MP7swJ4CHXF9ccAijSZA,YouTube
UCIObTwW5BUdp7wtCvp7qtsw,RJ Fashion Haul,"Hi my dear viewers,  welcome to my channel. I am Rajyalakshmi, very passionate about shopping, fashion, vlogging, accessories, jewellery, look books, cooking and many more. I am an employee and apart of that you tuber. I hope you will encourage me and my channel as well. You will definitely like my videos. A big thanks to my subscribers, your are big support to me. If any one who are watching my channel for the first time don't forget to subscribe my channel.

Follow me on:
Instagram: https://www.instagram.com/rjfshio/
my facebook page: https://m.facebook.com/RJfashionhaul-...

Thank you all.",IN,2760,661,UUIObTwW5BUdp7wtCvp7qtsw,https://www.youtube.com/channel/UCIObTwW5BUdp7wtCvp7qtsw,YouTube
UCvjFYV9_WJdsANvzE0dwzcw,MAKEUP TUTORIAL WITH ANSHIKA ,makeup tutorial with Anshika ,Not Found,48,31,UUvjFYV9_WJdsANvzE0dwzcw,https://www.youtube.com/channel/UCvjFYV9_WJdsANvzE0dwzcw,YouTube
UC1CT1RQwIyvFK9MjSOuBF-w,Mrs. Charity Umar Natural Hair Care,"My name is Charity. 

I am a born again Christian, wife, mother, registered nurse, mentor, entrepreneur, gospel minister and teacher and a modesty ambassador. I am here to share all things FAITH, MODESTY,  NATURAL HAIR CARE, NURSING & MORE! I pray that you will find my content valuable and inspirational. Be blessed! 

👉🏽Shop my hair care line: https://www.unveilingtheveil.com/

For business inquiries please email: unveilingtheveilhair@gmail.com

-Mrs. Charity Umar",US,38400,258,UU1CT1RQwIyvFK9MjSOuBF-w,https://www.youtube.com/channel/UC1CT1RQwIyvFK9MjSOuBF-w,YouTube
UCCgNuvoUTYH9IJob4QcDMog,Hair Care Routine,"hair care routine
hair care routines
hair care tips for amazing hair; 
relaxed hair, 
black hair care, 
natural hair care, 
ayurvedic hair care for natural hair
Hair cut
Hair cutz
Hair cut routine
Hair care products
Hair cut products",Not Found,3,4,UUCgNuvoUTYH9IJob4QcDMog,https://www.youtube.com/channel/UCCgNuvoUTYH9IJob4QcDMog,YouTube
UCUcArJGbcYrFpzp1iuLad2Q,Chhavi Kashyap,"Hello Everyone, Welcome to my channel 🤗
I Upload video about Haircare,skincare, beauty, fashion,life hacks & a lot more.
All natural remedies related to haircare & skincare which I will  post on my channel are tried and tested by me and you can see the visible results on my hair and skin.

If you guys like watching my videos then subscribe to my channel 🙏
Don't forget to hit the bell 🔔 icon to get notified whenever my video comes up !
Stay tunned for more videos ❤️

Email id: chhavik091@gmail.com",IN,225000,396,UUUcArJGbcYrFpzp1iuLad2Q,https://www.youtube.com/channel/UCUcArJGbcYrFpzp1iuLad2Q,YouTube
UC0PtBks1x4Lak1CNdoE50fA,Manahil Fashion,"✨ Welcome to Manahil Fashion! ✨

Assalam-o-Alaikum! 💕
Manahil Fashion mein aapka dil se welcome hai! 🌸

Yahan aapko milengi latest fashion trends, beautiful dresses, outfit ideas, makeup looks, jewellery styling, hairstyles, wedding & dawat outfits aur bohat si stylish dressing inspiration. 👗✨

Hamari koshish hai ke aapko har video mein new, creative aur beautiful fashion ideas milen, jinhein aap apni daily life, dawat, wedding aur special occasions ke liye try kar saken.

💖 Subscribe karein Manahil Fashion ko aur fashion ki duniya ki latest updates, stylish outfits aur new dressing ideas ke liye hamare saath jude rahen.

Like 👍 | Comment 💬 | Subscribe 🔔

#ManahilFashion #Fashion #Dresses #OutfitIdeas #PakistaniFashion #WeddingDresses #DawatLook #FashionTrends #Makeup #Jewellery
",PK,16,6,UU0PtBks1x4Lak1CNdoE50fA,https://www.youtube.com/channel/UC0PtBks1x4Lak1CNdoE50fA,YouTube
UCV5iQZaf6VmFjaTo7H7PkCg,Fashion haul with NJ,"✨ Welcome to Fashion Haul with NJ! 💖

Love trendy and affordable fashion? You're in the right place!

At Fashion Haul with NJ, you'll discover the latest fashion hauls, stylish clothing collections. From budget-friendly finds to everyday fashion ideas, I share stylish picks to help you shop smart and look your best.

✨ Stay stylish and don't forget to Subscribe to join the journey!
",IN,80,7,UUV5iQZaf6VmFjaTo7H7PkCg,https://www.youtube.com/channel/UCV5iQZaf6VmFjaTo7H7PkCg,YouTube
UCx1UM-_QoAqbCM5dMOG_1oQ,Skincare Routine,,IN,6,8,UUx1UM-_QoAqbCM5dMOG_1oQ,https://www.youtube.com/channel/UCx1UM-_QoAqbCM5dMOG_1oQ,YouTube
UCJKULe9DFgeOvO8W-jaCwtA,Aaliya fashion haul 💛💛,"

🌸 Welcome  to aaliya unboxing series 🩷 🩷 
where i am honestly showing you the product reviews 🎀 🎀 
so let's rock 😁 
🩷 subscribe my channel 😎 😎 
",Not Found,65,90,UUJKULe9DFgeOvO8W-jaCwtA,https://www.youtube.com/channel/UCJKULe9DFgeOvO8W-jaCwtA,YouTube
UC3gCT_Q1AdLzHODFTnRlzAA,Beauty review,,Not Found,2,2,UU3gCT_Q1AdLzHODFTnRlzAA,https://www.youtube.com/channel/UC3gCT_Q1AdLzHODFTnRlzAA,YouTube
UC_pOFGW3300r-xdbQeVo0Bg,Makeup tutorial ,Makeup’s Tutorial ,Not Found,5770,714,UU_pOFGW3300r-xdbQeVo0Bg,https://www.youtube.com/channel/UC_pOFGW3300r-xdbQeVo0Bg,YouTube
UCEZl3Ng-jVdZntdHuDjh7fA,Zonni lifestyle ,"Description
Hi my name is Arooj Yaqoob and I am here to help people who love Pakistani & Indian food recipes hair care, Skin & Health related issues. I am giving My Own hair care tips. No False promise and No false information without my experience. I used simple Home remedies and My own hair care methods that helps hair become healthy & strong.I will try to upload new recipes and remedies every day
So stay tuned and if you are not too sure what and how to cook and make your hairs manageable then keep your eyes on Zonni lifestyle on You Tube subscribe to my channel on You Tube and press bell🔔 icon for notification for new cooking recipe and hair remedie videos.(Zonni lifestyle)

Disclaimer: The information provided on this channel is not given by a health care professional. Though each and every remedy shared in this channel has been tried by me, each and every one of us are different and might react differently to herbs. If in doubt please contact a health care professional. 
",PK,43400,839,UUEZl3Ng-jVdZntdHuDjh7fA,https://www.youtube.com/channel/UCEZl3Ng-jVdZntdHuDjh7fA,YouTube
UC2xprUrZZH5yNpx6KNnXptQ,Style & Outfit World,"“Welcome to Style & Outfit World ✨ Discover stylish outfit ideas, from beautiful Indian suits and sarees to trendy jeans, tops, dresses and Western wear. New fashion Shorts regularly! 👗💕”",Not Found,0,5,UU2xprUrZZH5yNpx6KNnXptQ,https://www.youtube.com/channel/UC2xprUrZZH5yNpx6KNnXptQ,YouTube
UCUQ2qUrlS9qAIknuMkezO7w,Abhiraé ,"🌸 Welcome to my little beauty space! ✨
Simple skincare & haircare tips for everyday glow🌷
Easy routines, self-care & beauty inspiration
❤️Let’s grow, glow & pamper ourselves together!


For collaboration or inquiries:

📩 abhiraemm@gmail.com ",IN,43900,114,UUUQ2qUrlS9qAIknuMkezO7w,https://www.youtube.com/channel/UCUQ2qUrlS9qAIknuMkezO7w,YouTube
UC5wvVPDVqBjXMJQkj08l5zw,Atomy Beauty Routine Italia,"🎥 Benvenuti nel canale dedicato ad ATOMY: la bellezza coreana di alta qualità accessibile a tutti!

Scopri con noi i migliori prodotti coreani per la pelle, la salute e la bellezza, dove scienza e natura si incontrano.
✨ Guidati dalla filosofia Masstige – unione di “massa” e “prestigio” – rendiamo accessibili a tutti prodotti di qualità premium, prima riservati a pochi.

✅ Offriamo solo prodotti sicuri, efficaci e convenienti, distribuiti in modo competitivo rispetto a grandi magazzini o store online.
🎯 Il nostro obiettivo? Non solo soddisfarti, ma aiutarti a raggiungere il successo.

Iscriviti per scoprire recensioni, consigli e novità sul mondo Atomy e sulla beauty routine coreana.
📩 Per info o acquisti: beautyroutineatomy@gmail.com

",IT,171,668,UU5wvVPDVqBjXMJQkj08l5zw,https://www.youtube.com/channel/UC5wvVPDVqBjXMJQkj08l5zw,YouTube
UCI0Ikiek3VlDlNs1k11upgQ,skincare routine,"Beauty tips 
",Not Found,1,11,UUI0Ikiek3VlDlNs1k11upgQ,https://www.youtube.com/channel/UCI0Ikiek3VlDlNs1k11upgQ,YouTube
UCcc8jMalfsLrWUiyvlQVlEQ,Lean Ortiz,"Your fashion bff with unlimited outfit ideas☺️🫰✨
Outfit details, TikTok, Snapchat, Instagram, Depop linked in bio<3",Not Found,1310000,689,UUcc8jMalfsLrWUiyvlQVlEQ,https://www.youtube.com/channel/UCcc8jMalfsLrWUiyvlQVlEQ,YouTube
UCZOrwyBqCGhkyoHe0rmTxkg,Vithya Hair and Make Up,"Vithya is a Tamil hair and makeup artist from London, UK.
She posts vlogs of her tamil bridal jobs, hair and make up tutorials, saree draping tutorials, and anything else lifestyle and entertaining in either english, german, or Tamil.

If you like her videos, please click thumbs up, leave feedback, and do not forget to subscribe.",GB,337000,372,UUZOrwyBqCGhkyoHe0rmTxkg,https://www.youtube.com/channel/UCZOrwyBqCGhkyoHe0rmTxkg,YouTube
UCAAGe94Olbqpul-RljgwVlg,BeautyReview Bite,"""Welcome to BeautyReviewBite! Your go-to destination for quick,honest, in-depth reviews of beauty products, skincare, makeup, and more! Join me as I share my genuine experiences, tips, and favorites.",PK,98,37,UUAAGe94Olbqpul-RljgwVlg,https://www.youtube.com/channel/UCAAGe94Olbqpul-RljgwVlg,YouTube
UCEkbYiwoB-fJ4SGBJMpkg0g,Tushuu vlogs,"Tushuu Vlogs ♥️
-
For brand collaborations and business inquiries, contact
: [ aliasif75917@gmail.com ]

– Your ultimate destination for hair care and skin care tips! From DIY remedies to expert advice, I bring you the best solutions to keep your hair healthy and skin glowing. Subscribe for honest reviews, beauty hacks, and skincare routines tailored for every skin and hair type.

For brand collaborations and business inquiries, contact: [ aliasif75917@gmail.com ]",IN,108000,23,UUEkbYiwoB-fJ4SGBJMpkg0g,https://www.youtube.com/channel/UCEkbYiwoB-fJ4SGBJMpkg0g,YouTube
UCkvK_5omS-42Ovgah8KRKtg,jeffreestar,"MAKEUP ARTIST/COSMETICS CREATOR. Singer/song writer. Fashion obsessed.  
* SHOP MY BRAND: http://www.jeffreestarcosmetics.com
+ FOLLOW MY BRAND ON Instagram: http://instagram.com/jeffreestarcosmetics",US,15500000,436,UUkvK_5omS-42Ovgah8KRKtg,https://www.youtube.com/channel/UCkvK_5omS-42Ovgah8KRKtg,YouTube
UCe4KlDmkpyEPJMGGByKH8CA,Khushi Beauty Review,"Welcome to Khushi Beauty Review! ✨💄

यहाँ आपको मिलेंगे:
✅ Honest Makeup & Skincare Reviews
✅ Latest Bridal Chuda & कांच की चूड़ियों के कलेक्शन
✅ Easy Beauty Tips & Hacks

अगर आप भी कम बजट में बेस्ट दिखना चाहती हैं, तो अभी Subscribe करें! 😊
#KhushiBeautyReview #MakeupHindi #BridalChuda #BeautyTips #BridalChuda #BanglesCollection #GlassBangles #WeddingJewellery #ChudaDesign2026 #DulhanChuda #ChudiLover #JewelleryHacks #BridalFashion #KanchKiChudi #TraditionalBangles #BridalEssentials
",IN,602,299,UUe4KlDmkpyEPJMGGByKH8CA,https://www.youtube.com/channel/UCe4KlDmkpyEPJMGGByKH8CA,YouTube
UC_GvMVffgctSISDkeWlKhXQ,dope2111,"I use makeup to transform myself into famous Celebrities and Characters. It started out as a hobby 7 years ago and now I am here using this awesome platform to teach and entertain millions around the world. Feeling blessed and thankful everyday for all the love I receive for each one of you. 

Find me on Facebook, Instagram and twitter to know me more personally. I have a sweet husband named Steve that makes special appearances in my videos and also my cute dog. My 2nd channel is 'Promise Phan' and I post a lot of Vlogs and tutorials there so please SUBSCRIBE :  https://www.youtube.com/user/Promise21111

For Business & PR opportunities, please email: Promisephan@gmail.com",US,5580000,233,UU_GvMVffgctSISDkeWlKhXQ,https://www.youtube.com/channel/UC_GvMVffgctSISDkeWlKhXQ,YouTube
UC72rjYKrAo4mgm9qOoruf8w,Meera Fashion Haul,GIRLS 👧🏾 FASHION 😍,IN,344,93,UU72rjYKrAo4mgm9qOoruf8w,https://www.youtube.com/channel/UC72rjYKrAo4mgm9qOoruf8w,YouTube
UCSiJWDiz0cI4Dg6O6Emq1LA,glowwithnishita,"Hi, beauties 
Welcome to my Channel❤️
I am glad you're here in this channel you will get to learn about haircare,Selfcare as well as skin care. I believe when you share experiences,life and emotions Subscribers become family.
Let's be a happy family and share lives.
Experiment 
And spread positivity 😊

Thankyou
Collab or PR gungun909800@gmail.com",IN,58800,483,UUSiJWDiz0cI4Dg6O6Emq1LA,https://www.youtube.com/channel/UCSiJWDiz0cI4Dg6O6Emq1LA,YouTube
UC4c1_c63HoISOzFBgDOHsgg,Beauty Routine Daily,"Welcome to Beauty Routine Daily 💖

Agar aapko skin care, hair care, body care aur natural beauty tips pasand hain, to yeh channel aapke liye perfect hai ✨

Is channel par aapko milenge:
🌸 Daily skin care routines
✨ Glowing skin tips
💧 Dry skin & oily skin care
🌿 Natural home remedies
💖 Hair care routines
🛁 Body care & self care tips
🌙 Healthy lifestyle habits
✨ Cute anime hijabi girl aesthetic videos
💄 Beauty routines & glow secrets
🌸 Easy beauty tips in Hindi

Hum simple aur easy self care tips share karte hain jo aapki skin, hair aur overall beauty ko naturally healthy aur glowing banane mein help karein 💖

Yahan aapko aesthetic anime style shorts aur relaxing beauty videos bhi milengi ✨

🌿 Glow Naturally
💖 Care Daily
✨ Shine Beautifully

📌 New Shorts & Videos Every Week

👍 Like
💬 Comment
🔔 Subscribe & Join Our Beauty Family

Thank You So Much For Your Support 🌸✨
",IN,55,35,UU4c1_c63HoISOzFBgDOHsgg,https://www.youtube.com/channel/UC4c1_c63HoISOzFBgDOHsgg,YouTube
UCEcT5Ttsnl3kBMqyHmojobQ,MAKEUP BY MARIO,"MAKEUP BY MARIO was founded by Master Makeup Artist Mario Dedivanovic. Inspired by decades of groundbreaking artistry, this collection is developed for professional artists and beauty lovers, featuring formulas in universal shades for all skin tones.",Not Found,177000,356,UUEcT5Ttsnl3kBMqyHmojobQ,https://www.youtube.com/channel/UCEcT5Ttsnl3kBMqyHmojobQ,YouTube
UCjsfTiaJis8Xz-GxVqKouwQ,Hannah - The Outfit Repeater,"As seen on the internet as #theoutfitrepeater! Check out what I thrifted this month, get a peek at my colorful closet, and find outfit inspiration for every season & occasion. I also like puns, pizza, and advocating for 1980s fashion. 😀

💬 FAQ
• What do you edit with? Editing program before 2/15 was Windows Movie Maker. After 2/15 is Corel VideoStudio Pro X8.
• Where are you from? Wisconsin!
• Other FAQs: https://bit.ly/3dSzLHg

🎨 Banner art made in Canva",US,17200,458,UUjsfTiaJis8Xz-GxVqKouwQ,https://www.youtube.com/channel/UCjsfTiaJis8Xz-GxVqKouwQ,YouTube
UCeVf9FYHo63KG-cF02uWUyg,Swati’s Beauty Review,"You will get lots of useful tips through skin care videos, Funny videos of viral hack testing, Beauty and Health Care products Review also Fashion Tips  videos..
For any special stuffs reach me via mail roshanim39@gmail.com",IN,2290,475,UUeVf9FYHo63KG-cF02uWUyg,https://www.youtube.com/channel/UCeVf9FYHo63KG-cF02uWUyg,YouTube
UCHCZnC9akNA9pBP7aJGNKdg,Doctorly,"Evidenced-based skin care, dermatology, and medicine. Channel run by double Board-Certified Dermatologists with the goal of providing accurate, up-to-date information to our subscribers with full transparency. Thank you for following along with us. - Dr. Shah and Dr. Maxfield
",US,3590000,608,UUHCZnC9akNA9pBP7aJGNKdg,https://www.youtube.com/channel/UCHCZnC9akNA9pBP7aJGNKdg,YouTube
UCkQ0corvtwhsM8mAKwOOiJw,Mahi Chaudhary ,"Hello beautiful people 💗
I’m Mahi 🎀

Welcome to my little beauty corner! 💕✨
Here you’ll find makeup looks, skincare routines, honest product reviews & all things glam.
Join me as we create beautiful transformations together! ✨

For collaborations / PR:
📩 aruchaudhary874@gmail.com

",Not Found,67900,209,UUkQ0corvtwhsM8mAKwOOiJw,https://www.youtube.com/channel/UCkQ0corvtwhsM8mAKwOOiJw,YouTube
UCo7uKazh-kC4SvQmEk-cJCQ,skin care routine by Reena,,Not Found,1,9,UUo7uKazh-kC4SvQmEk-cJCQ,https://www.youtube.com/channel/UCo7uKazh-kC4SvQmEk-cJCQ,YouTube
UCK0Bcahm23wgZfUoD260YcA,Beauty Kulture Academy,"Welcome to Beauty Kulture Academy — where beauty education meets career building.

We're a TDLR-licensed beauty school based in DeSoto, Texas, training future professionals in esthetics, nails, hair weaving, lashes and more. Here, we're taking Beauty Kulture beyond the classroom with beauty tutorials, career education, student experiences, state-board preparation, business conversations and professional tips for the next generation of beauty entrepreneurs.

Learn the skill. Earn the license. Build the career.

📍 DeSoto, Texas
🎓 Beauty Career Training
💻 Beauty Kulture Online
✨ Tutorials • Education • Career + Business
",Not Found,603,50,UUK0Bcahm23wgZfUoD260YcA,https://www.youtube.com/channel/UCK0Bcahm23wgZfUoD260YcA,YouTube
UCAgvxUWdQbdNP7R2dgfl38w,Ruby Fashion Haul,,Not Found,2250,1112,UUAgvxUWdQbdNP7R2dgfl38w,https://www.youtube.com/channel/UCAgvxUWdQbdNP7R2dgfl38w,YouTube
UC7x7OeU3-FmXFu7FGhqNFCQ,My Beauty Routine,"Il canale YouTube dell’e-shop italiano con la selezione più vasta di cosmetici coreani spediti dall’Italia! 
Guarda i nostri video con tanti consigli, le nostre recensioni e la nostre esperienze, scrivi e chatta con noi... e prenditi veramente cura di te. 
Individua il tuo tipo di pelle, richiedi la tua beauty routine personalizzata sul sito e cerca i prodotti più adatti alla tua bellezza. LIFE'S TOO SHORT FOR A BAD SKIN!",IT,5470,337,UU7x7OeU3-FmXFu7FGhqNFCQ,https://www.youtube.com/channel/UC7x7OeU3-FmXFu7FGhqNFCQ,YouTube
UC9oLWUzaCpheSt2BuRw-OyA,𝒮𝒶𝓁𝒾𝓃𝒾 𝑀𝒶𝓃𝓊 𝐵𝑒𝒶𝓊𝓉𝓎 𝒮𝓉𝓊𝒹𝒾𝑜.,"Beauty, But Make It Real. ✨
No Hype. Just Honest Beauty. 💄
Welcome to SALU UNFILTERED 🤍
Here you'll find honest makeup & beauty reviews, product comparisons, makeup tips, tutorials and real results — helping you find what’s actually worth your money. ✨
📍 Instagram: @salinisalu825
Subscribe & join me on this beautiful journey! 🤍",Not Found,18,18,UU9oLWUzaCpheSt2BuRw-OyA,https://www.youtube.com/channel/UC9oLWUzaCpheSt2BuRw-OyA,YouTube
UCNNW4t34XcUbHt2F2Y4Ixzw,By Fannys,"ASMR, skincare & lifestyle ☁️
ONLY & OFFICIAL account 🫶🏻🫧 
♡ Instagram : Fanny.scg
♡ Tiktok: By.fannys 

https://www.laifentech.com/by.fannysBFCM",Not Found,2240000,1188,UUNNW4t34XcUbHt2F2Y4Ixzw,https://www.youtube.com/channel/UCNNW4t34XcUbHt2F2Y4Ixzw,YouTube
UCQ_bmTu_rzSuVxPGKDi_qVA,Azalia DailyDairy,"✨ Welcome to Azalia DailyDairy ✨

He
it's me Azalia I am a 22 years old 
i ma going share all about skin care makeup lifestyle ✨ 
I lose 10 kgs of weight so I am also planning to share about weight lose I have to lose 10 more kgs to achieve my goal weight Subscribe it we can get fit healthy and glowing before 2027.Together💕
✨ Welcome to Maha Glow & Fit! ✨

Looking for honest skincare reviews, beauty tips, DIY remedies, and healthy weight-loss ideas? You're in the right place!





- Honest skincare & beauty product reviews
- DIY skincare and home remedies
- Glowing skin tips and skincare routines
- Weight-loss journey, healthy drinks & tea recipes
- Affordable beauty product recommendations
- Self-care and healthy lifestyle tips



Keywords: Vlogs, Daily vlogs,Mini Vlog skincare, beauty,  review, beauty product review, DIY skincare, glowing skin, healthy lifestyle, weight loss journey, healthy drinks, tea recipes, self-care, natural beauty, affordable skincare, wellness, beauty tips.",IN,11,20,UUQ_bmTu_rzSuVxPGKDi_qVA,https://www.youtube.com/channel/UCQ_bmTu_rzSuVxPGKDi_qVA,YouTube
UCg3KC7QKDbcAolsae5CyJdA,Glamnama,"Glamnama mein aapka khaas istaqbaal! 💄

Yahan har video glam ka ek naya safha hai: bridal makeup, party looks aur everyday makeup, sab Hindi mein, step by step, beginners ke liye bhi bilkul aasan.

Is channel par aapko milega:
✨ Bridal makeup tutorials, engagement se nikah aur reception tak
✨ Party aur festive looks: Eid, Diwali, shaadi guest
✨ Everyday aur budget makeup tips
✨ Makeup ki aam galtiyan aur unke aasan hal
✨ Real transformations, before aur after

Nazakat bhi, glamour bhi. Yahi hai Glamnama.

📅 Nayi video har Week
📩 Collaboration / Bookings: Hudakhan4488@gmail.com
📸 Instagram: @glamnama

Subscribe karein aur apne glam ka safar humare saath shuru karein! 🌸
",IN,1000,114,UUg3KC7QKDbcAolsae5CyJdA,https://www.youtube.com/channel/UCg3KC7QKDbcAolsae5CyJdA,YouTube
UCK329k9vItoNdlW9GxYfa-A,Passion For Beauty,"Hey Beauty Girls!!!

This is  Sarita Choudhary here!!
Welcome to my channel Passion For Beauty.
This channel is all about hair care tips, hair problem & solution, health tips, beauty tips, skin care,product reviews(All genuine)  . 
So please Like, share and subscribe my Channel.
keep your support
Thanks

For collaboration - 📧 prettyfind01@gmail.com 
",IN,186000,448,UUK329k9vItoNdlW9GxYfa-A,https://www.youtube.com/channel/UCK329k9vItoNdlW9GxYfa-A,YouTube
UCsCWxZzIckAjygZ28TaxuRw,Melisa Fashion Haul USA,"Your go-to place for fashion hauls, try-on hauls, outfit inspiration, and styling ideas.
Discover trendy outfits, honest reviews, and stylish looks for every occasion.

Subscribe and stay fashionable! ✨",IN,4810,889,UUsCWxZzIckAjygZ28TaxuRw,https://www.youtube.com/channel/UCsCWxZzIckAjygZ28TaxuRw,YouTube
UCEQDRQulkFXRxtaG4nmCqUg,Rekha Sharma,"Real Horror Crime Podcast.

Thanks for watching.

For Business enquiries:
rekhasharmaoffical13@gmail.com",IN,1230000,1803,UUEQDRQulkFXRxtaG4nmCqUg,https://www.youtube.com/channel/UCEQDRQulkFXRxtaG4nmCqUg,YouTube
UC_uPiC52aBsW47lais-iX1g,Celeb Outfitideas,"Welcome to my little world of Malayalam Shorts! ✨

Here you’ll find trending celebrity & influencer looks, fashion inspiration, lifestyle moments, interesting stories, and positive content — all in Malayalam. ❤️

From beautiful outfits and style details to inspiring women, viral moments and everything trending, I bring you entertaining and engaging Shorts every day! 🌸

🎬 New Shorts regularly
💫 Malayalam Content
👗 Fashion • Lifestyle • Inspiration • Trending

Subscribe and join

#MalayalamShorts #Malayalam #YouTubeShorts #Trending #Lifestyle #Fashion
",AE,14500,320,UU_uPiC52aBsW47lais-iX1g,https://www.youtube.com/channel/UC_uPiC52aBsW47lais-iX1g,YouTube
UCXb2WVvNo5L7eAqTfv1d1mw,beauty review,,Not Found,5,1,UUXb2WVvNo5L7eAqTfv1d1mw,https://www.youtube.com/channel/UCXb2WVvNo5L7eAqTfv1d1mw,YouTube
UCgB5lrAZkrU8xVMRfd1e9Rw,Click Cart Fashion,"Hello everyone! 👋

I’m Sri, and welcome to Click Cart Fashion 💖

Here, you’ll find stylish women’s fashion videos that help you upgrade your look without spending too much. I share affordable fashion finds, outfit ideas, new style reviews, and trendy looks for sarees, lehengas, kurtis, party wear, nightwear, and more. 👗✨

My goal is to help you discover beautiful outfits at the best prices and make styling simple, easy, and fun. 🛍️💃

You can expect at least one Short or video every day, so stay connected and keep supporting my channel. Your support means a lot! ❤️

Find It. Cart It. Wear It. ✨

#ClickCartFashion #WomenFashion #AffordableFashion #FashionFinds #StyleIdeas
",IN,72600,257,UUgB5lrAZkrU8xVMRfd1e9Rw,https://www.youtube.com/channel/UCgB5lrAZkrU8xVMRfd1e9Rw,YouTube
UCA8teb1Hj6HKM668t0JP-6A,AM Fashion Haul,"AM fashion Haul is created to promote latest Fashion, Beauty Products / Accessories and Culture  . My aim is to see Pakistani (Asian) fashion  and clothing designs could take an enviable and impressionable position at the world digital stage. If you are passionate about Asian Clothing Designs and Products this is the right place. I am sure this channel will be your number one and final choice.

PEACE...",PK,2760,682,UUA8teb1Hj6HKM668t0JP-6A,https://www.youtube.com/channel/UCA8teb1Hj6HKM668t0JP-6A,YouTube
UCnZC4bBrLe5rqAkrkOul-ig,SimplyMyStyle!! unni,"Certified Cosmetologist (Skincare & Haircare) 🎓 | A person who is passionate about real skin, hair & self-care ✨

For Collabs: 📩simplymystyleunni@gmail.com

I'm here to be my authentic self. I experiment on my own skin & hair to find what truly works!

This channel is the WHOLE package 💄✨. Beyond skincare science, I share real talk , hair care, makeup tutorials, styling & lifestyle. Let's explore real beauty together—beyond the Trends.

Subscribe for new videos every week! 🔔

CONNECT WITH ME:
Instagram:- https://www.instagram.com/SimplyMyStyle_unni
Facebook:- https://www.facebook.com/SimplyMyStyle
Snapchat:- https://snapchat.com/t/jN2KmxYL
Whatsapp:- https://whatsapp.com/channel/0029Va43MnHwXbl35nbCm1p
Simplyunni clothing : - www.simplyunni.com

Disclaimer: 
This content shared on my channel is for general purposes only. Please do not view this as medical advice.


#malayalam #beautytips #beautyvlogger #keralayoutuber
",IN,2030000,1807,UUnZC4bBrLe5rqAkrkOul-ig,https://www.youtube.com/channel/UCnZC4bBrLe5rqAkrkOul-ig,YouTube
UCX_gtN8XsErdLPOUkEPaqiA,Blowout Professor,"Get Your Personalized Routine ⇢ https://blowoutprofessor.tiny.us/2p827m5j

",US,1040000,976,UUX_gtN8XsErdLPOUkEPaqiA,https://www.youtube.com/channel/UCX_gtN8XsErdLPOUkEPaqiA,YouTube
UCBVN0oZEI5JqXtHi8Hh4QaA,Skincare Routine,,Not Found,7,2,UUBVN0oZEI5JqXtHi8Hh4QaA,https://www.youtube.com/channel/UCBVN0oZEI5JqXtHi8Hh4QaA,YouTube
UCPmaNY5vj1V855UzqC0CYwQ,ps_ stylish outfit ideas ,,Not Found,32,18,UUPmaNY5vj1V855UzqC0CYwQ,https://www.youtube.com/channel/UCPmaNY5vj1V855UzqC0CYwQ,YouTube
UCMCJz0PAiXYphSVY_niHEbQ,Fashion haul Studio ,"Welcome to My channel!

Here you’ll find fashion education, clothing reviews, and the latest style trends to help you look confident and stylish. We share honest reviews of outfits, fabric quality, fitting, and styling tips so you can make better fashion choices.

Our content focuses on: • Fashion education & styling guides
• Clothing reviews & try-on insights
• Budget-friendly outfit ideas
• Latest trends & fashion tips

All videos are created for educational and informational purposes to help viewers understand fashion better and choose the right clothing.

Subscribe for regular updates and upgrade your style with us!

",US,3640,119,UUMCJz0PAiXYphSVY_niHEbQ,https://www.youtube.com/channel/UCMCJz0PAiXYphSVY_niHEbQ,YouTube
UCxDZibVDnkTuBzjc0_X3Teg,style with Outfit wali ,"Welcome to the Outfit Wali Channel!

या चॅनेलवर तुम्हाला नवीन आणि ट्रेंडिंग Women’s Dresses, Ethnic Wear, Party Wear, Sarees, Kurtis, Gowns, Suits आणि Stylish Outfits चे रिव्ह्यू पाहायला मिळतील.

👗 Dress & Outfit Reviews
✨ Trending Fashion & New Arrivals
🛍️ Online Shopping & Product Reviews
💃 Outfit Try-On & Styling Ideas
🔎 Dress Quality, Design & Look
📦 Unboxing & Product Details

आमचा उद्देश तुम्हाला कोणताही outfit खरेदी करण्यापूर्वी त्याचा Look, Design, Fabric, Details आणि Overall Appearance समजण्यास मदत करणे आहे.
Fashion आवडत असेल तर Channel Subscribe करा आणि नवीन Outfit Reviews साठी जोडलेले रहा!

Business / Collaboration:
📩 [Omkarchouguleee@gmail.com]

women dress review, outfit review, dress review, fashion review, ladies dress, women fashion, ethnic wear, party wear dress, gown review, kurti review, saree review, suit review, trending outfits, fashion haul, dress unboxing, online shopping review, Indian fashion, stylish outfits, women clothing, fashion trends",Not Found,0,0,UUxDZibVDnkTuBzjc0_X3Teg,https://www.youtube.com/channel/UCxDZibVDnkTuBzjc0_X3Teg,YouTube
UC2yXMMuyG3KZ4xG2_fkLNTA,skincare routine ,"✨ Welcome to [Your Channel Name]! 💖

If you love skincare, makeup, beauty tips, and glowing skin, you're in the right place!

On this channel, you'll find:
🌸 Easy skincare routines
💄 Makeup tips & tutorials
✨ Beauty hacks
🩷 Product recommendations
📅 30 Days Skincare Series
🌿 Tips to help you achieve healthy, glowing skin

New videos are uploaded regularly, so don't forget to Like, Comment, Share, and Subscribe to join our beauty journey.

Thank you for being here! 💕",PK,16,36,UU2yXMMuyG3KZ4xG2_fkLNTA,https://www.youtube.com/channel/UC2yXMMuyG3KZ4xG2_fkLNTA,YouTube
UCm98qA1qGORabt3fS16vhpA,Stylonity makeup tutorial,"Hello 👋everyone ! Welcome to Stylonity makeup tutorial.I am Rashmi.
✨ Easy Desi Makeup | Hairstyles | Affordable Fashion ✨
Helping real girls look confident without expensive products 💕
Beginner-friendly • Budget-friendly • Re-creatable looks
📌 New Shorts daily
📌 Celebrity-inspired looks made easy
📌 Wedding • Festive • Everyday beauty
👉 Subscribe & glow with me 💖

📩 For collaborations: DM / Email
Rashmidm1986@gmail.com

Would be glad if you make my YouTube family more bigger.. 😊

Link-

Facebook-
https://www.facebook.com/profile.php?id=100008091942717&mibextid=ZbWKwL

Insta-

https://www.instagram.com/stylonity1415?utm_source=qr&igsh=MzNlNGNkZWQ4Mg%3D%3D",IN,611,423,UUm98qA1qGORabt3fS16vhpA,https://www.youtube.com/channel/UCm98qA1qGORabt3fS16vhpA,YouTube
UCO2F8YKi2iEaTK_6m5qUjYA,Aussie Hair Care,"Is this thing on… 👀

All hair is #AUSSomeHair! We 💜 all waves, curls and coils. PETA cruelty free 🐰
",Not Found,12400,115,UUO2F8YKi2iEaTK_6m5qUjYA,https://www.youtube.com/channel/UCO2F8YKi2iEaTK_6m5qUjYA,YouTube
UCvFpj_TxX3J1e3vv5zu7-ZA,Aldana🎀 Ideas de Outfits,"Un espacio para amantes de la moda.
Inspiración y estilo para cada día. 🎀✨",Not Found,147,18,UUvFpj_TxX3J1e3vv5zu7-ZA,https://www.youtube.com/channel/UCvFpj_TxX3J1e3vv5zu7-ZA,YouTube
UCZ4sfydVdnsy_ObdibK1XEg,Queen Eliana Fashion Haul,,US,2750,819,UUZ4sfydVdnsy_ObdibK1XEg,https://www.youtube.com/channel/UCZ4sfydVdnsy_ObdibK1XEg,YouTube
UCTXsCFF08oo2oEx6-OtJggQ,Skincare Routine & Face care,"Skincare routine for beginners, daily skincare tips and simple face care guidance for healthier-looking, glowing skin.

GlowRoutine shares easy morning and night skincare routines, skin-type guidance, skincare habits, product-use basics, natural care ideas, and practical tips for acne-prone, oily, dry, combination and sensitive skin.

New skincare videos and Shorts every week.

Our companion Android app, Skincare Routine & Face Care, helps you organize personalized morning and night steps, reminders, challenges and progress tracking. Find it on Google Play.

Subscribe for simple routines you can understand, follow and stay consistent with.

#skincare #skincareroutine #skincaretips #glowingskin #selfcare 
",IN,1,5,UUTXsCFF08oo2oEx6-OtJggQ,https://www.youtube.com/channel/UCTXsCFF08oo2oEx6-OtJggQ,YouTube
UCz66-YiiBBGYJON87UolTjw,বং BEAUTY REVIEW,"বাংলা ভাষার মতোই প্রতিটি বাঙালিও সুন্দর 🥰🥰
",Not Found,25,1,UUz66-YiiBBGYJON87UolTjw,https://www.youtube.com/channel/UCz66-YiiBBGYJON87UolTjw,YouTube
UCLzL28Dgdum_82BrKUsoPtA,Fashion Haul,"Trending collection with affordable price 😃  order WhatsApp 7037523591
Delivery all over India 
Cash on delivery available 
3 days return policy
delivery 🚚 all over India 

 so subscribe our channel and press the bell 🔔 icon for letest collection
 
Thanks
",IN,3210,117,UULzL28Dgdum_82BrKUsoPtA,https://www.youtube.com/channel/UCLzL28Dgdum_82BrKUsoPtA,YouTube
UC5Ex_DZEiJ1j8V_iVMQ4dBw,SkinCare Routine,"Welcome to the official YouTube channel of SkinCare Routine - your ultimate destination for all things skin health. We are dedicated to helping you achieve glowing, youthful, and healthy skin regardless of your age, skin type, or current challenges. Every week, we release engaging and educational content that demystifies the complex world of skincare. Stay up-to-date with the latest skincare trends, scientific research, and groundbreaking products by subscribing to our channel today. Join the SkinCare Routine community to start your journey to radiant skin! 

#skincareroutine  #skincare  #beautytips  
",US,371,14,UU5Ex_DZEiJ1j8V_iVMQ4dBw,https://www.youtube.com/channel/UC5Ex_DZEiJ1j8V_iVMQ4dBw,YouTube
UCgwzJLw4B0D3cjvS5_F_uYw,Hung Vanngo,"Welcome to my channel!.
I am a New York-based makeup artist working with many celebrities, models, magazines and brands.
You can visit my Instagram (https://www.instagram.com/hungvanngo/) or my personal website (http://hungvanngo.com) to see more of my work.
I will have new video coming out every Monday at 9AM EST.
Be sure to subscribe so you won't miss any of my videos :)
Thank you.",US,607000,207,UUgwzJLw4B0D3cjvS5_F_uYw,https://www.youtube.com/channel/UCgwzJLw4B0D3cjvS5_F_uYw,YouTube
UCrfr4PnqvdJO4KrYWg10CJw,An Knook,"My name is An Knook. I'm 33 years old and I live in the Netherlands. I have a big passion for Make-up and love inspiring other people by using my own face as my canvas. Subscribe to my channel and hit the notification bell to get a notification whenever I upload a new video.
I upload around 1 or 2 new videos every week 💖 I hope you will enjoy my videos.

An Knook staat onder toezicht van het Commissariaat voor de Media - An Knook is supervised by the Media Authority.

Contact Information: anknook@hotmail.com

#Makeup #MakeupTutorial #EyeMakeup #SmokeyEyes #CutCrease #SmokeyEye #HaloEyeLook #Eyeshadow #Howto",NL,2750000,1080,UUrfr4PnqvdJO4KrYWg10CJw,https://www.youtube.com/channel/UCrfr4PnqvdJO4KrYWg10CJw,YouTube
UCb-xvpUFIPyGAqgv24f6jAQ,Loreal Fashion Haul ,,Not Found,2490,846,UUb-xvpUFIPyGAqgv24f6jAQ,https://www.youtube.com/channel/UCb-xvpUFIPyGAqgv24f6jAQ,YouTube
UCJfEoAVcMl59LopRE_IN6Xw,Samiksha Fashion Haul ,"Welcome to my aesthetic style space! ✨

Hie, I’m Samiksha Shinde! Here, I share budget-friendly outfit ideas, Pinterest outfit recreations, Meesho hauls, and daily styling inspiration to help you look effortless every day.

📌 What you’ll find here:
• College & Casual Outfit Styling
• Recreating Trending Pinterest Lookbooks
• Affordable Fashion Finds (Meesho)
• Aesthetic Fashion Shorts & Transition Styling

📩 For Collaborations & Inquiries:
Email: vipulshinde515@gmail.com

🛍️ Follow my Pinterest for more outfit pins:
https://pin.it/71itguVoe

Don't forget to Subscribe and be a part of our aesthetic community! 💕",Not Found,15,6,UUJfEoAVcMl59LopRE_IN6Xw,https://www.youtube.com/channel/UCJfEoAVcMl59LopRE_IN6Xw,YouTube
UCzTKskwIc_-a0cGvCXA848Q,NikkieTutorials,"Business inquiries only: info@nikkietutorials.com

» Instagram: @nikkietutorials

» Twitter: Nikkietutorials

» Snapchat: Nikkietutorials

» TIKTOK: https://vm.tiktok.com/JeGLPkq/

#nikkietutorials

Ik sta onder toezicht van het Commissariaat voor de Media. 


",NL,15400000,957,UUzTKskwIc_-a0cGvCXA848Q,https://www.youtube.com/channel/UCzTKskwIc_-a0cGvCXA848Q,YouTube
UCkmXJTFp8qu_yQ_U9zsiTkQ,REVIEW BEAUTY,"Cute review 🩰 
💌 reviewbeauty57@gmail.com
Instagram: https://instagram.com/revie.wbeauty?igshid=MzRlODBiNWFlZA==
Tik tok: https://www.tiktok.com/@rvwbeauty?fbclid=PAAaZteoQM5suOHbCgVt2a3OwsjEszIpcyYGZx88VWr9NRfhyomD5S7ilZ7C8_aem_AWtoxSH-fW2Q2pyD-r0hxX1v0I5Ngf6OC0oW2i-fE36_N7ep0UbdQ91oGKG1JfWFIPg",Not Found,0,2,UUkmXJTFp8qu_yQ_U9zsiTkQ,https://www.youtube.com/channel/UCkmXJTFp8qu_yQ_U9zsiTkQ,YouTube
UCh1I8JxcnJCAbnhvXhhPjaQ,Katherine Haircare,"Helping middle-aged women grow thick, vibrant hair with herbs 🌿
4,000+ women (around the world) transformed ✨
Shop my five-star Hair Growth Oil 👇

For business inquiries contact: katherinehaircare@influint.co
",CA,215000,398,UUh1I8JxcnJCAbnhvXhhPjaQ,https://www.youtube.com/channel/UCh1I8JxcnJCAbnhvXhhPjaQ,YouTube
UCx4p7njBAMf7O6ZKcrW-AVw,Sk fashion  haul,"Yahan aapko milenge: 👗 Meesho Haul Videos
🛍️ Budget Fashion Finds
💖 Kurti, Saree & Dress Reviews
📦 Unboxing & Honest Reviews
🔥 Latest Fashion Trends
Agar aap budget mein stylish kapde dhoondhna pasand karte hain, to channel ko Subscribe zarur karein aur naye haul videos ke liye jude rahein!


https://www.instagram.com/styledbysaleha.official_786?igsh=MnR0MDBhbW45ZGw5",Not Found,26,61,UUx4p7njBAMf7O6ZKcrW-AVw,https://www.youtube.com/channel/UCx4p7njBAMf7O6ZKcrW-AVw,YouTube
UCBoR7VaXZ-Z-if_R6jQu26A,The Fashion Haul,"Hey gurlies ☺🌷🍒
welcome to my channel 🌷
This is new channel about the trendy outfit look that can be recreated 🎀🥀


    Here I provide you 👇
🌷- different types of dress look
🌷- baddie outfit collection
🌷- festive wear look 
🌷- The outfit🆚 The look
🌷- Luxurious outfit ideas 
🌷- and the other fashion ethics 

If you are a classy girl and you like these all tulips then this channel is for you 🍒


Follow my Instagram page to be connected with me🍒
Spread your love on my video❤
Like, comment, share my video if you are interested🙂


If you really like my content please make sure to subscribe it 🌷🥰
and don't forget to like 🥀
Please support my new channel🌷
",IN,106,56,UUBoR7VaXZ-Z-if_R6jQu26A,https://www.youtube.com/channel/UCBoR7VaXZ-Z-if_R6jQu26A,YouTube
UCFOJYV8M22vuQju9kqNtoXg,Swara,Hi!! My name is Swara and I create Skincare and Haircare content every week!! I hope you enjoy :),IN,89700,497,UUFOJYV8M22vuQju9kqNtoXg,https://www.youtube.com/channel/UCFOJYV8M22vuQju9kqNtoXg,YouTube
UCo1ef0eDT4HQmdPMSb6160Q,Rs Beauty Review Hub,"Hello Cuties! 😊❤️

Welcome to Rs Beauty Review Hub! ✨
On this channel, you will find:

💄 Makeup & Eye Makeup Tutorials

📦 Honest Product Reviews & Unboxing

👗 Outfit Reviews & Styling Tips

🌸 Creative DIYs & much more!

If you love beauty and lifestyle content, please subscribe and support me on this journey. Thank you, dear friends! 🙏",IN,427,108,UUo1ef0eDT4HQmdPMSb6160Q,https://www.youtube.com/channel/UCo1ef0eDT4HQmdPMSb6160Q,YouTube
UCPNR5RcY4mxmrwK23PYyWag,Home Treats with Sara,"Hello Everyone,

Follow me on Instagram for more tips and New updates 
https://www.instagram.com/home_treats_with_sara/

Cheers!!
Sara
",IN,228000,104,UUPNR5RcY4mxmrwK23PYyWag,https://www.youtube.com/channel/UCPNR5RcY4mxmrwK23PYyWag,YouTube
UCuqlWB7gRpCQPI53I8tIlOg,Skincare Routine,"✨ Hi everyone! Welcome to Glow With Beauty — The Glow Guide! 🎀

Your little space for everything beauty, skincare & self-care. 🧴🌸

Here, you’ll find:
✨ Simple skincare tips
🎀 Easy beauty routines
🌿 Self-care ideas
💆‍♀️ Facial & skincare guides
💖 Everyday glow-up tips

No complicated routines. No unnecessary fuss.
Just simple tips to help you feel and look your best. ✨

Follow us and let’s glow together! 🤍

#GlowWithBeauty #TheGlowGuide #BeautyTips #SkincareTips #SelfCare #BeautyRoutine #SkincareRoutine #GlowUp",Not Found,0,5,UUuqlWB7gRpCQPI53I8tIlOg,https://www.youtube.com/channel/UCuqlWB7gRpCQPI53I8tIlOg,YouTube
UCmAw6326YI9kgTzptbgxQGg,Haircare Pro,"Hello Gorgeous! My name is Eve and I am an ex make-up artist who pivoted her career into hair and established a Hair Salon.
My salon - HairCare Pro specializes in restorative Hair Treatments like Nanoplastia and Hairbotox. I am also a certified educator and I host my exclusive 5 in 1 Master Class in Canada and USA. I also distribute Brazilian hair brand SarahK Professional as well as Napura and Janeke.
My channel is dedicated to Hair Care, Beauty secrets and Celebrating Women Entrepreneurs through bringing them to our podcast. You will also find educational videos where we dive deep into the hair treatments and hair care routine.

🏆 Certified | Top Rated | Award-Winning",CA,505,331,UUmAw6326YI9kgTzptbgxQGg,https://www.youtube.com/channel/UCmAw6326YI9kgTzptbgxQGg,YouTube
UCPTOt2arb9T1idryca3HXng,Amna Hair Zone ,"
🌸 Welcome to Amna’s Hair Zone! 🌸
Here you’ll find the best natural haircare tips, DIY remedies, and product reviews to keep your hair healthy, shiny, and strong! 💇‍♀️✨

From hair growth oils to damage repair masks, I share easy, affordable, and effective routines that you can do at home. Whether you have curly, straight, dry, or oily hair, I’ve got something for everyone. 💕

💧 Learn how to;

Stop hair fall naturally

Grow long, thick hair

Make DIY oils & masks

Get silky, frizz-free hair

🌿 Subscribe now and start your healthy hair journey with me!",PK,41400,190,UUPTOt2arb9T1idryca3HXng,https://www.youtube.com/channel/UCPTOt2arb9T1idryca3HXng,YouTube
UCmvEeZ_DSlwknBbtnP9nuPQ,Fashion Haul Girls,"Welcome to Fashion Haul Girls, your go-to channel for trendy fashion, stylish outfits, try-on hauls, clothing reviews, and the latest fashion inspiration! 👗🛍️
Discover new outfit ideas, affordable fashion finds, seasonal trends, and fun try-on hauls designed to help you look and feel your best.
✨ What You’ll Find Here: • Fashion Try-On Hauls
• Trendy Outfit Ideas
• Clothing & Fashion Reviews
• Affordable Fashion Finds
• Seasonal Styles & Trends
• Beauty & Lifestyle Inspiration
Subscribe to Fashion Haul Girls and",Not Found,1,7,UUmvEeZ_DSlwknBbtnP9nuPQ,https://www.youtube.com/channel/UCmvEeZ_DSlwknBbtnP9nuPQ,YouTube
UCXoY0ZeHZBe0p-ByCiYP_XQ,Denitslava Makeup,"If it looks weird, impossible, or like a terrible idea… I’m probably going to try it 👀😬

If you like my videos, SUBSCRIBE  :)

♥  CONTACT ME  ♥
E-mail: denitslava@hotmail.com",US,8530000,540,UUXoY0ZeHZBe0p-ByCiYP_XQ,https://www.youtube.com/channel/UCXoY0ZeHZBe0p-ByCiYP_XQ,YouTube
UCeUa27NZlRnRNZMDv84KPPg,By Arti Style 🤍,"Your daily dose of fashion, styling & outfit inspiration ✨

👗 Outfit Ideas | Fashion Finds | Styling Tips
⭐️ New fashion inspiration regularly 
💌 For collaborations :
       Email : byartistyle@gmail.com
       Instagram : @byarti.style
",Not Found,3,1,UUeUa27NZlRnRNZMDv84KPPg,https://www.youtube.com/channel/UCeUa27NZlRnRNZMDv84KPPg,YouTube
UCtxEzM-dXQtuPwY5Rjne3ng,Glow - The Ai Skincare Routine,"Welcome to the Glow AI The Skin Care Routine Channel! 🌟

Your ultimate destination for all things skincare, beauty tips, and glowing transformations! 🌸

Here, we share expert advice, personalized routines, and innovative AI-powered solutions to help you achieve radiant, healthy skin. From morning rituals to nighttime care, our videos are packed with simple, effective steps tailored to your skin goals.

✨ What You'll Find:

Daily skincare routines
Product recommendations for every skin type
Exclusive updates on the Glow AI Skin Care app
Join us on this journey to flawless beauty and let your skin shine bright every day! 🌟

📲 Download the Glow AI Skin Care app to take your skincare to the next level: 
App Store: https://apps.apple.com/us/app/glow-the-ai-skincare-routine/id6738579245
Play Store: https://play.google.com/store/apps/details?id=com.skincareai.glowapp

💬 Don’t forget to like, comment, and subscribe for more glowing content!

Because you deserve to shine! ✨ #GlowAI
",Not Found,14,19,UUtxEzM-dXQtuPwY5Rjne3ng,https://www.youtube.com/channel/UCtxEzM-dXQtuPwY5Rjne3ng,YouTube
UC1Mm79DN4rUnaAH1baXKVeQ,Outfit Ideas Hub,"Welcome to the Outfit Ideas Hub ✨

I bring you daily trendy, aesthetic & budget-friendly outfit ideas for every occasion 💫 From casual to festive looks, along with easy styling tips to upgrade your wardrobe.

💛 Subscribe for fresh outfit inspo every day!👗",IN,125,7,UU1Mm79DN4rUnaAH1baXKVeQ,https://www.youtube.com/channel/UC1Mm79DN4rUnaAH1baXKVeQ,YouTube
UCs8w8bVy54OMf6LokG69g0A,Jan Angelo,"Helping Filipinos make more INFORMED skincare decisions, one video at a time ✨",PH,584000,237,UUs8w8bVy54OMf6LokG69g0A,https://www.youtube.com/channel/UCs8w8bVy54OMf6LokG69g0A,YouTube
UCHj2_6e0Y2YdzHZDkkLa53Q,Cassandra Bankson,"Hi! My name is Cassandra & I'm your acne big sister. I'm also a model, published writer, medical esthetician, & skincare expert but I'm not a dermatologist (yet). As someone who has been dealing with acne for 15+ yrs & been in the industry for 10+ yrs, I understand the need for a community that uplifts & guides each other through the ups & downs of our skincare journeys. That's why I created this channel.

I work to help educate & empower you to look past the labels & marketing schemes to make more informed decisions when it comes to skincare choices. I love to criticize, scrutinize, demystify the science behind skincare & uncover industry secrets.

This vegan & cruelty-free channel is dedicated to my acne cyst-ers, fellow skincare nerds, & all animal-loving Be-YOU-tiful Butterflies. Hit SUBSCRIBE to join our community!

Fan Requests/questions → butterfly@cassandrabankson.com
Promotional/business inquiries → campaigns@cassandrabankson.com
Media/PR → pr@cassandrabankson.com
",US,2460000,2482,UUHj2_6e0Y2YdzHZDkkLa53Q,https://www.youtube.com/channel/UCHj2_6e0Y2YdzHZDkkLa53Q,YouTube
UCqMRqTb5jmblkT32_UiKrhQ,Audrey Victoria,"Hi :) My name is Audrey! On my channel, you'll find tons of advice on all things beauty- skincare, hair, body hair, shaving, and everything in between. I also love testing out new products and showing you guys how they've worked for me. I'm not a professional, I'm an enthusiast. :)

For Business & PR opportunities, please email: info@audreyvictoriabeauty.com",US,2790000,2256,UUqMRqTb5jmblkT32_UiKrhQ,https://www.youtube.com/channel/UCqMRqTb5jmblkT32_UiKrhQ,YouTube
UCCzQkGvLl1cKGkgj1mtrYdQ,Nikita makeup.tutorial ,"hii guys 😊 welcome to my channel is channel pe aap ko makeup aur skin care video,s milenge 
agra aapka support raha to aeise hi achi achi video mai banaungi so guys aeise support karte rhiyega thank you 😊 for watching my videos ",Not Found,47,199,UUCzQkGvLl1cKGkgj1mtrYdQ,https://www.youtube.com/channel/UCCzQkGvLl1cKGkgj1mtrYdQ,YouTube
UC8MaNSU4UDBNGGPOy7cIrfw,Makeup tutorial by jamila Shah ,Makeup art best makeup easy makeup makeup tutorial viral makeup videos best makeup transformation tik tok makeup top makeup trying makeup hacks viral makeup trends magic of makeup viral makeup videos on instagram power of makeup nikkietutorials euphoria testing makeup hacks makeup hacks viral makeup makeup trends makeup routine amazing makeup the power of makeup best makeup transformation compilation viral makeup routines,PK,3500,205,UU8MaNSU4UDBNGGPOy7cIrfw,https://www.youtube.com/channel/UC8MaNSU4UDBNGGPOy7cIrfw,YouTube
UCEMD6BUgLnsg9HcxH5q9aUw,Nancy Fashion Haul,"Welcome to Nancy Fashion Haul USA 🇺🇸✨

Your go-to channel for the latest fashion hauls, styling tips, and affordable outfit inspiration! From everyday casual looks to glam party styles, I share honest reviews, try-ons, and must-have trends to keep your wardrobe fresh and fabulous.

New videos every week — subscribe and slay your style with me! 💕👗",US,2,1,UUEMD6BUgLnsg9HcxH5q9aUw,https://www.youtube.com/channel/UCEMD6BUgLnsg9HcxH5q9aUw,YouTube
UCTOAXK3De4c4V15MWmDlIww,outfit ideas by payal,"hii , I m payal ♥️
join my channel for dress haul, , fun moments 
  Don't forget to subscribe my channel. ",Not Found,140,250,UUTOAXK3De4c4V15MWmDlIww,https://www.youtube.com/channel/UCTOAXK3De4c4V15MWmDlIww,YouTube
UCz0MZRKz4hZM5gPhhwMUStw,Sungi Beauty Review,"Hi! My name is Sungi. I love makeup, skincare and hair care. I adore luxury beauty. I created this channel to guide you on what beauty products are actually amazing and which ones you should skip. So please check out my videos and subscribe! ♥️",Not Found,130,136,UUz0MZRKz4hZM5gPhhwMUStw,https://www.youtube.com/channel/UCz0MZRKz4hZM5gPhhwMUStw,YouTube
UCNjnFvgsP863DTdPDGv23-A,Skin care Routine hub,"""Welcome to @SkincareRoutine-b5j! 🌸💆‍♀️

Join me on my skincare journey as I share my fave products, tips, and routines to help YOU achieve radiant, healthy skin! 🌟 From honest product reviews to step-by-step tutorials, I'll cover it all. 💡 Whether you're a skincare newbie or a seasoned pro, I'm here to help you glow! ✨ Subscribe for new videos every week and let's get glowing together! 🔥💫"".        
And if you want some of my products click on these link:


⬇️Download the Temu app to get 💰 coupon bundle via the link #temu #temuessentials #TemuAffiliateProgram #TemuInfluencerProgramhttps://temu.to/k/e9c8z8t3eyyhttps://temu.to/k/eugtc27s1s2

",US,140,97,UUNjnFvgsP863DTdPDGv23-A,https://www.youtube.com/channel/UCNjnFvgsP863DTdPDGv23-A,YouTube
UCxkSDBMaIbbahh28wtsCxSg,Madhu Makeup - Tutorial,"Hey everyone ! It’s Madhu 
My channel is all about makeup , skin care , hair care n styles tips n tricks !!! & also baby care and sometimes cooking  

Plz subscribe, like & share my channel 
Thank you  



Business inquiries  :      madhumeena031994@gmail.com 
 
Copyright : All the content of this channel is made by channel owner Madhu ( madhu makeup-tutorial) do not copy or use any content [ paid or unpaid] without permission email is given down below 
Thank you.
   
Follow me on  
 Instagram madhu makeup - tutorial",IN,1040,340,UUxkSDBMaIbbahh28wtsCxSg,https://www.youtube.com/channel/UCxkSDBMaIbbahh28wtsCxSg,YouTube
UC1KYdmQFJDKLfpAG8ihEY2A,Asma Khan,"Welcome to my world of Beauty & Style! ✨
​Hi! I am a Professional Makeup Artist and the founder of my own Makeup Studio. This channel is my creative space where I bring together my passion for makeup artistry and my love for fashion.
​What you can expect on this channel:
​💄 Pro Makeup Tutorials: From bridal transformations to everyday glam, learn the secrets of professional makeup.
​🛍️ Product Reviews & Recommendations: Honest reviews of makeup products to help you spend your money wisely.
​👗 Fashion & Styling: Since I also work with clothing and fashion, I share trendy outfit ideas and styling tips to keep you looking fabulous.
​🏢 Studio Vlogs: A behind-the-scenes look at my life as a makeup artist and studio owner.
​My goal is to empower you to look and feel your absolute best. Whether you're here to learn makeup or get inspired by fashion, there’ something for everyone!
​📍 Visit my Studio: Model Town 369-B gujranwala 
💌 For Bookings & Collaborations: lashesparlour@gmail.co",PK,1780000,1431,UU1KYdmQFJDKLfpAG8ihEY2A,https://www.youtube.com/channel/UC1KYdmQFJDKLfpAG8ihEY2A,YouTube
UCfT0OkIp646DQ8oodwsVowg,Infinite Makeup Tutorial And Hacks(Reaction),"Email✉️sandhyasubhash1011@gmail.com



Hello, Everyone Welcome to my channel MakeupTutorialAndHacks981 (Reaction)I had created this channel to know all the makeup tutorial and hacks and also you all know about beauty care, Nowadays What people are doing to look more beautiful I had given my reaction and  comments on these shorts & videos Enjoy watching all my videos Thank you all for the support Wish you all Be Beautiful Look Beaitiful 💓😘🙏

",IN,185000,1475,UUfT0OkIp646DQ8oodwsVowg,https://www.youtube.com/channel/UCfT0OkIp646DQ8oodwsVowg,YouTube
UC3hO1UWaIVa2w-M8oFigixQ,HAIR CARE ROUTINE ,"Welcome to our channel!

Here you’ll find simple and practical tips on:
✔ Hair Growth
✔ Hair Fall Control
✔ Healthy Foods
✔ Fitness Tips
✔ Skin Care Tips

Our goal is to share easy health and grooming tips that can help you live a healthier lifestyle.

Subscribe and join us for regular hair, health, and fitness content.

Thank you for your support!",Not Found,8,67,UU3hO1UWaIVa2w-M8oFigixQ,https://www.youtube.com/channel/UC3hO1UWaIVa2w-M8oFigixQ,YouTube
UCaBwdilWFWyq-Z55iN19jtA,The Makeup Tutorials 002,"Welcome to [The Makeup Tutorials 💄]! ✨

If you're passionate about makeup, beauty hacks, and living your best life, you’re in the right place! On this channel, I’ll be sharing:

🎨 Makeup Tutorials: From everyday looks to bold and creative styles, learn how to elevate your makeup game with easy-to-follow tutorials.

💡 Beauty Hacks: Discover time-saving tips, budget-friendly tricks, and insider secrets to help you achieve flawless looks effortlessly.

📹 Vlogs: Join me on my personal journey, from behind-the-scenes moments to lifestyle adventures, giving you a sneak peek into my everyday life.

Hit the subscribe button and turn on notifications so you never miss a new video! Let’s glam, hack, and vlog together! 💄✨  #missroseproducts
#review
#makeup
#makeupartist
#trendfollower
#genz
#glam",PK,162,116,UUaBwdilWFWyq-Z55iN19jtA,https://www.youtube.com/channel/UCaBwdilWFWyq-Z55iN19jtA,YouTube
UCeMxgGMymOvFAbLFvaG3-uQ,Magesh Makeup tutorial,"Hi I’m Thaniya MUA
Trichy 
Bridal Booking- +917708139442

Beauty Begins The Moment You Decide To Be Yourself

Please Support & Subscribe More Videos

 https://www.instagram.com/magesh_beauty_care/?hl=en.                
",IN,35300,427,UUeMxgGMymOvFAbLFvaG3-uQ,https://www.youtube.com/channel/UCeMxgGMymOvFAbLFvaG3-uQ,YouTube
UCY0_rfT_EdAI1ST5DbylTyg,Beauty Review ,,Not Found,0,1,UUY0_rfT_EdAI1ST5DbylTyg,https://www.youtube.com/channel/UCY0_rfT_EdAI1ST5DbylTyg,YouTube
UCwECfD2u5hO6z4n9c3vpTBQ,outfit man ideas,Kênh gợi ý cách phối đồ nam! Mọi người quan tâm ấn nút đăng kí nhé! Cảm ơn mọi người rất nhiều!!!,Not Found,254,118,UUwECfD2u5hO6z4n9c3vpTBQ,https://www.youtube.com/channel/UCwECfD2u5hO6z4n9c3vpTBQ,YouTube
UCv5iB2F_qakVMmqKZUHUPAg,Yasho Makeup Tutorial,Life is all about being Young and Beautyful ,Not Found,356,292,UUv5iB2F_qakVMmqKZUHUPAg,https://www.youtube.com/channel/UCv5iB2F_qakVMmqKZUHUPAg,YouTube
UCdTBLaFUYy_TZKnhaCoK9bA,Skincare routine ,,Not Found,3,2,UUdTBLaFUYy_TZKnhaCoK9bA,https://www.youtube.com/channel/UCdTBLaFUYy_TZKnhaCoK9bA,YouTube
UCAJIFS_xWnwM5Lr-XHyBAmg,𝑶𝒖𝒕𝒇𝒊𝒕 𝐢𝐝𝐞𝐚𝐬 𝐛𝐲 𝐌𝐢𝐥𝐞𝐲🎀,"𝑯𝒊 stars🌷 

𝑾𝒆𝒍𝒄𝒐𝒎𝒆 𝒕𝒐 𝒎𝒚 𝒄𝒉𝒂𝒏𝒏𝒆𝒍💗🎀

𝑴𝒚 𝒈𝒐𝒂𝒍 𝒊𝒔 𝒕𝒐 𝒓𝒆𝒂𝒄𝒉 600 𝒔𝒖𝒃𝒔𝒄𝒓𝒊𝒃𝒆𝒓𝒔. 🌊

𝑾𝒆 𝒘𝒊𝒍𝒍 𝒉𝒂𝒗𝒆 𝒎𝒐𝒓𝒆 𝒃𝒆𝒂𝒖𝒕𝒊𝒇𝒖𝒍 𝒔𝒉𝒐𝒓𝒕𝒔 𝒊𝒏 𝒕𝒉𝒆 𝒇𝒖𝒕𝒖𝒓𝒆. 🌊💗🎀🌷







SUBSCRIBE PLSSS💗👆
Anyone who wants to collaborate with me, write to me in the comments. 💗🌸",Not Found,534,74,UUAJIFS_xWnwM5Lr-XHyBAmg,https://www.youtube.com/channel/UCAJIFS_xWnwM5Lr-XHyBAmg,YouTube
UCXNF8rHn0qdekHxcYOCZ14g,JY MAKEUP TUTORIAL,"Prøfessiønal Makeup Artist ..!

      JY Makeup Tutorial

Peace Suppørt & Løve..
 ",Not Found,52,9,UUXNF8rHn0qdekHxcYOCZ14g,https://www.youtube.com/channel/UCXNF8rHn0qdekHxcYOCZ14g,YouTube
UC070FIh0otRWeiOHfrLipGQ,Beauty Review By M,"hii, my name is Manya.


Welcome to my profile:)
-Content: makeup | Skincare | beauty | & more!


-Make sure you smash that like button, turn on those post notifications and most importantly SUBSCRIBE to my channel! 💕 



socials 
✨insta: @beautyreviewby_m
📧mail: beautyreviewby.m@gmail.com

",Not Found,4,13,UU070FIh0otRWeiOHfrLipGQ,https://www.youtube.com/channel/UC070FIh0otRWeiOHfrLipGQ,YouTube
UCF1gWVT5lgc_kFdYDT6ecRA,Notjustarushi,"Hello girliess, welcome to my channel. 
I create makeup hacks, makeup tutorials in detail for beginners♥️

Instagram handle: _notjustarushi
",IN,53400,90,UUF1gWVT5lgc_kFdYDT6ecRA,https://www.youtube.com/channel/UCF1gWVT5lgc_kFdYDT6ecRA,YouTube
UCQZa-VQBYAdEblgB-pEO8HA,PREETI GERA,"Preeti Gera is one of the top certified makeup artists in Delhi and NCR. Being passionate about makeup from an early age, she has achieved her dreams of establishing her name in an industry she aligns with. She has been and continues to use high-quality products and is considerate of all skin tones and skin types taking everyone’s unique qualities in mind while working. With more than 7 years of experience, her team and herself has worked with over 5000 beautiful brides and helped over 1000 students to achieve their dreams of becoming makeup artists across the globe.
Preeti is well-loved and admired by her peers and customers and is committed to providing her customers with a wonderful experience and breathtaking beauty.
",IN,46000,208,UUQZa-VQBYAdEblgB-pEO8HA,https://www.youtube.com/channel/UCQZa-VQBYAdEblgB-pEO8HA,YouTube
UCqxoKG7ctyMrR5MzTtrZYtg,Preity प्रेरणा,"Hello everyone,

Myself Prerna, I am a Teacher by profession and a health and beauty enthusiast. In last 4 years, I have reached 5 Million+ subscribers on my channel named Preityप्रेरणा. I wish to learn and grow many folds. I love to sing, I’m an avid reader, i love to travel and explore places. Positivity and self love is my core Mantra.

I’m an enthusiast having a keen interest in few of the basic areas of our lives. I’ve loved doing all of my basic day to day regimes and now I’m happily sharing all of them with you all. Be a part of all my ordinarily extra ordinary sojourns of all dimensions. This isn’t an act and upload thing I do. I’m actually doing and  loving all those moments here and presenting in front of you all. Hope my work & experience could help you sharpen and fill hues in your life.

Stay Connected ❤️ ❤️
Love and wishes 

Truly Everyone’s 
Preity प्रेरणा ",IN,6160000,1267,UUqxoKG7ctyMrR5MzTtrZYtg,https://www.youtube.com/channel/UCqxoKG7ctyMrR5MzTtrZYtg,YouTube
UCCjmW9JdAUzPbskWihpqgWg,love makeup tutorial ,"hlo iam aishleen please 🥺 subscribe my channel 
my target 
100
100k
100milion",Not Found,12,7,UUCjmW9JdAUzPbskWihpqgWg,https://www.youtube.com/channel/UCCjmW9JdAUzPbskWihpqgWg,YouTube
UCKgHG4xOxUwhcp94JRLyh3A,Outfit India 24 ⭐,"Welcome to Outfit India 24 ⭐ — यहाँ आपको मिलेंगे Style, Fashion और Latest Trends से जुड़े मज़ेदार और शानदार वीडियो। 👕🔥


हमारे चैनल पर आपको मिलेंगे:
✨ Style Fashion Trends ✨
👗 New Style • New Trends • New Look
❤️ ऐसे ही Fashion Trends देखने के लिए
🔔 Subscribe NowStyle Fashion Trends.

✨ Latest Fashion Trends
👕 Stylish Outfit Ideas
👟 Shoes & Fashion Accessories
🧢 Trending Looks
🇮🇳 Indian Fashion & Style
🔥 Trending Shorts & Fashion Videos

अगर आपको Fashion, Style और Trending Outfits पसंद हैं, तो चैनल को Subscribe जरूर करें। ❤️
Outfit India 24 ⭐ — Style • Fashion • Trends
Subscribe Now 🔔

#OutfitIndia24 #Fashion #Style #FashionTrends #OutfitIdeas #IndianFashion #Trending #Shorts #YouTubeShorts #Subscribe",IN,0,4,UUKgHG4xOxUwhcp94JRLyh3A,https://www.youtube.com/channel/UCKgHG4xOxUwhcp94JRLyh3A,YouTube
UC4u0qaMIAgOL8L37RwLcDQA,Dr. Vanita Rattan ,"https://www.skincarebydrv.com

Dr Vanita Rattan's channel is dedicated to weekly teaching for skin of colour, which generally suffers from different skin issues relative to Caucasian skin and requires different products, routines and treatments. 

Download your Free E-Guide to Skin of Colour: https://bit.ly/3bWFUlF

Contents:
✔ Top 10 Skincare Mistakes
✔ Dr V’s Skincare Routine
✔ Why Is Skin Of Colour Different To Caucasian Skin?
✔ What Are The Differences Between Skin Of Colour And Caucasian Skin?
✔ Skin Of Colour Under A Microscope
✔ Why Skin Of Colour Requires Different Products?


",GB,1230000,1923,UU4u0qaMIAgOL8L37RwLcDQA,https://www.youtube.com/channel/UC4u0qaMIAgOL8L37RwLcDQA,YouTube
UCdE--WJF1ZLI3WAvu8I_sdw,Skincare routine ,"Welcome to Skincare Routine ✨
Your daily dose of glowing skin, self-care, beauty tips, and real skincare results. From simple routines to powerful skincare secrets, we help you achieve healthy, confident skin naturally. Subscribe and glow with us every day!",Not Found,27,15,UUdE--WJF1ZLI3WAvu8I_sdw,https://www.youtube.com/channel/UCdE--WJF1ZLI3WAvu8I_sdw,YouTube
UCqh6FkzXdz_0XA9u7cIK4-w,Anukriti Lamaniya,"Mail - anukritilamaniyaa@gmail.com


",IN,470000,248,UUqh6FkzXdz_0XA9u7cIK4-w,https://www.youtube.com/channel/UCqh6FkzXdz_0XA9u7cIK4-w,YouTube
UC8MA_yZZavlF-8J5fJ1s2xg,뷰리리 Beauty REal REview,"대~충 다 리얼하게 리뷰해줌❤️

📨buriri.tmi@gmail.com 

















",Not Found,443,32,UU8MA_yZZavlF-8J5fJ1s2xg,https://www.youtube.com/channel/UC8MA_yZZavlF-8J5fJ1s2xg,YouTube
UCtznGQLX5aJ6MbJ9eHsjpog, Rosa Fashion Haul ,,US,4590,1218,UUtznGQLX5aJ6MbJ9eHsjpog,https://www.youtube.com/channel/UCtznGQLX5aJ6MbJ9eHsjpog,YouTube
UC2OBxE5Kq-BYpOrqtWBIjnA,Nisha Sharma,"Heyyy welcome to my channel!!! 
I create beauty, diy’s and lifestyle related videos. Come join me on this journey.
If you enjoy watching my videos then don’t forget to subscribe and share.💜
",IN,87900,407,UU2OBxE5Kq-BYpOrqtWBIjnA,https://www.youtube.com/channel/UC2OBxE5Kq-BYpOrqtWBIjnA,YouTube
UCbgJYEBQYBMxHFaD5jtt03A,Shiny Fashion Haul,,US,4740,1843,UUbgJYEBQYBMxHFaD5jtt03A,https://www.youtube.com/channel/UCbgJYEBQYBMxHFaD5jtt03A,YouTube
UCg6P323bLV4zMSWFqFhvWMg,Lab Muffin Beauty Science,"I’m Michelle, a science educator and chemistry PhD from Sydney, Australia. I’m here to help you work out which beauty products are worth buying and which aren’t, using science!

I started Lab Muffin because I was frustrated that there weren't enough easy-to-understand explanations of the science behind beauty products. I firmly believe that anyone can understand the science behind skincare and beauty.

For business/PR enquiries: michelle@labmuffin.com

DISCLAIMER: I am not a medical doctor. Care has been taken to ensure the accuracy of the information here, but it is provided for education and research purposes only and is not intended to be a substitute for professional medical advice, diagnosis or treatment. Always seek the advice of a qualified health provider regarding any medical conditions. No liability is accepted for any injury, loss or damage incurred by use of or reliance on the information provided by me.",AU,863000,495,UUg6P323bLV4zMSWFqFhvWMg,https://www.youtube.com/channel/UCg6P323bLV4zMSWFqFhvWMg,YouTube
UCUqMt0c0rboE_K9ZpCoFFQg,Skin Care Routine ,"Welcome to my channel this is about Skin Care Routine
Tips .l want to share my experience through videos
Don, t forget to like my videos and subscribe my
channel for upcoming videos
Channel link https:/bit.ly/3iNKRAs
Regards
Skin Care Routine",PK,12300,791,UUUqMt0c0rboE_K9ZpCoFFQg,https://www.youtube.com/channel/UCUqMt0c0rboE_K9ZpCoFFQg,YouTube
UCcKKyaPLkP0aNHvbSXvpZ-A,Tessa Peay,"Haircare, fashion & whatever else inspires me ✨🫶🤍🧚",Not Found,2400000,1642,UUcKKyaPLkP0aNHvbSXvpZ-A,https://www.youtube.com/channel/UCcKKyaPLkP0aNHvbSXvpZ-A,YouTube
UCQd0toOruJ9ui2QXEXts09Q,Zeenat Designs & Tips,"✨ Welcome to Zeenat Design & Tips ✨

Is channel par aapko milenge
🛍️ Latest Meesho Outfit Ideas
👗 Budget friendly kurti, suit, lehenga & daily wear looks

💸 Kam price me stylish fashion tips
✨ Simple styling ideas for everyday & special occasions

Agar aap affordable aur trendy fashion pasand karte ho,

to ye channel aapke liye hi hai ❤️

📌 New Shorts regularly
📌 Like • Share • Subscribe for daily outfit inspiration

📩 Business Enquiries & Paid Promotions

For business collaborations, sponsorships & promotions:

zeenatzeenat036@gmail.com

✨ Outfit Ideas | Dress Designs | Meesho Outfit Inspiration
📩 Outfit Recreate करवाने के लिए WhatsApp करें:
📞 8935903283
💼 Business/Collaboration: WhatsApp पर संपर्क करें",IN,71300,317,UUQd0toOruJ9ui2QXEXts09Q,https://www.youtube.com/channel/UCQd0toOruJ9ui2QXEXts09Q,YouTube
UCRGJnTm_U77ZCgjBMDrZQeg,Pragatii monga,"Welcome to TheBaredBeauty — where skincare meets honesty.
Here, I review beauty products without filters, hype, or distractions. Just real results, real reviews, and real talk. 💬✨

Whether it’s a trending DIY, a cult-favorite moisturizer, or a hair hack that actually works — I try it so you don’t have to.

🧴 Minimal. Honest. Tested.

“When you truly want something, the entire universe conspires to help you achieve it.”
I believe in the power of consistency, energy, and manifestation — and this channel is proof that dreams, when backed with action, do come true. 💫

Subscribe to follow the journey & uncover what really works in beauty.
Let’s manifest clear skin and clear confidence — together. 🌸

Email- thebaredbeauty@gmail.com


TheBaredBeauty",Not Found,88300,274,UURGJnTm_U77ZCgjBMDrZQeg,https://www.youtube.com/channel/UCRGJnTm_U77ZCgjBMDrZQeg,YouTube
UC3UAVR9dptyqMvqdrCrweEQ,Sneha Makeup Tutorial,"
all videos are made with original commentary and voice overs. 
# All kinds of makeup tutorial. 
# basic to advance knowledge
# brush knowledge 
# product knowledge
# types of eye
# shapes of face
# types of skin
# colour wheel knowledge
# self makeup
# skin tone knowledge
# new tricks of  many eye makeup,
# all kinds of makeup. 
# all kinds of hairstyle",Not Found,124,65,UU3UAVR9dptyqMvqdrCrweEQ,https://www.youtube.com/channel/UC3UAVR9dptyqMvqdrCrweEQ,YouTube
UCgzqtrp6F-criMcWR7XUsrw,KM Makeup Tutorial ,"hey guys🤩
welcome to my channel 🥰🙏
I am kaksha manjrekar 
I am a professional makeup artist 💄

my channel is all about makeup, hairstyles, skin care, product reviews, fashion, haul, my experience, challenges and trending videos.


Like
share 
subscribe 
keep supporting guys

Business queries contact me:
ksm.kaksha@gmail.com

If you want to give me a makeup related order then you can dm me on my Instagram account or you can email me 

Instagram ID: https://www.instagram.com/kaksha__makeover__?igsh=aW1yMGZmZjlrYTRw
",Not Found,45,32,UUgzqtrp6F-criMcWR7XUsrw,https://www.youtube.com/channel/UCgzqtrp6F-criMcWR7XUsrw,YouTube
UCicQh50VtMkERKdmYLm3x8Q,Fashion Haul 💗,"✨ Welcome to my Fashion Haul World! 👗💖

Here you’ll find trendy fashion finds, budget-friendly dresses, styling ideas & shopping inspiration. 🛍️✨

🤖 AI-generated visuals are used for presentation.
🛒 Products featured are real products available online.

Subscribe for more fashion hauls & trendy finds! 💕
Fashion • Trends • Hauls • Styling ✨",IN,1570,1,UUicQh50VtMkERKdmYLm3x8Q,https://www.youtube.com/channel/UCicQh50VtMkERKdmYLm3x8Q,YouTube
UCXTAdFsBmxNK3_c8MUvSviQ,Christen Dominique,"Beauty, life & everything in between 🤍
I’m Christen Dominique, beauty creator since 2014 & founder of Dominique. I share what I know about makeup, break down techniques anyone can follow, and bring you along for life outside of beauty too. Basically, we’re besties now 🫶

🎬 New videos every week
💌 Let’s be friends!

TIKTOK: ChristenDominique
INSTAGRAM: ChristenDominique
SNAPCHAT: Christensnaps
FACEBOOK: Christen Dominique

📩 Business inquiries:
info@christendominique.com

",US,5390000,943,UUXTAdFsBmxNK3_c8MUvSviQ,https://www.youtube.com/channel/UCXTAdFsBmxNK3_c8MUvSviQ,YouTube
UC8nVjLP8-gcQHKjE-SR306w,Aradhya makeup tutorial,Hii lovelies❤️ ,Not Found,68,25,UU8nVjLP8-gcQHKjE-SR306w,https://www.youtube.com/channel/UC8nVjLP8-gcQHKjE-SR306w,YouTube
UCgLunvBwXEPFpZokxTCXrxA,Littlegunnu1,"for business-littlegunnu1@gmail.com

Welcome to littlegunnu1— where haircare meets honesty. 🌿
Here, I share real solutions for real hair problems — no fake promises, no overhyped products. Just tested tips, tried remedies, and results that actually work.

💆‍♀️ From frizz control to hair growth, DIY masks to product reviews — I try everything so you don’t have to.

🔑 Minimal. Honest. Effective.

I believe healthy hair = happy you.
This channel is all about simple routines, practical hacks, and clear results that boost your hair and your confidence.

✨ Subscribe to uncover what truly works in haircare.
Let’s grow strong, shiny, confident hair — together. 🌸
",Not Found,39700,139,UUgLunvBwXEPFpZokxTCXrxA,https://www.youtube.com/channel/UCgLunvBwXEPFpZokxTCXrxA,YouTube
UC7n-o6uDE1mbs-mRBfeCCZw,Krushhh by Konica - Makeup Tutorials,"Krushhh By Konica is a beauty channel presenting makeup tutorials, Bridal Makeup, Beautiful Hairstyles, Bridal Makeup for Indian Brides, Makeup Tips, Daily Makeup Tutorials, Daily Makeup routine and Makeup Hacks. We also bring you to lip makeup tutorials, Contouring tutorials, Party makeup tutorials, Makeup tutorials for beginners, Celebrity Look Makeup and much more. Stay tuned.
For Collaboration and Promotion 
Contact at -  +91-9811296961, +91-9811296971

Photography And Cinematography by Nitant Sabharwal - 9911474747
",IN,331000,455,UU7n-o6uDE1mbs-mRBfeCCZw,https://www.youtube.com/channel/UC7n-o6uDE1mbs-mRBfeCCZw,YouTube
UCPP291gN79qI1QZY1znOscg,James Welsh,"Hey its James, on this channel I take a deeper dive into skincare: the ingredients, the science, and the marketing. I explore Korean skincare trends and break down the myths that confuse people more than they help.  With a degree in Editorial & Advertising Photography, I also investigate photo manipulation in beauty marketing, from filters and blurred-out complexions to the “perfect skin” illusions used by brands and influencers. Alongside deep dives and ingredient science, I post commentary style videos that look at the biggest beauty brands, their histories, their controversies, and the decisions that led them there. I expose brands when they deserve it, call out their BS, and break down why certain launches, scandals, or trends matter.
My goal is simple: make skincare understandable, enjoyable, and rooted in truth.
If you want relaxed, educational deep dives, ingredient breakdowns, brand investigations, and honest commentary on the beauty industry, then subscribe!

",GB,1580000,1084,UUPP291gN79qI1QZY1znOscg,https://www.youtube.com/channel/UCPP291gN79qI1QZY1znOscg,YouTube
UC9YAqNOtA38qIymbvf3o_aQ,sasa,"Your Korean big sis unnie is back✨
YesStyle code : SASASEOUL44

📨 sasastudio25@gmail.com 
📧 sasa@starlinemgmt.com",Not Found,636000,138,UU9YAqNOtA38qIymbvf3o_aQ,https://www.youtube.com/channel/UC9YAqNOtA38qIymbvf3o_aQ,YouTube
UCbab0yX30ENzDpvkRjRQQkw,Outfit Ideas Megha ,"✨ Welcome to Megha ✨

Fashion, styling & aesthetic outfit inspiration 👗🤍

Yahan aapko milenge:
• ✨ Trendy outfit ideas
• 👗 Easy styling inspiration
• 👜 Accessories & jewellery ideas
• 🌷 Aesthetic & classy looks
• 💫 Everyday fashion inspiration

Agar aapko simple, elegant aur stylish looks pasand hain, toh channel ko Subscribe zaroor karein 🤍

New fashion inspiration regularly ✨",IN,45,19,UUbab0yX30ENzDpvkRjRQQkw,https://www.youtube.com/channel/UCbab0yX30ENzDpvkRjRQQkw,YouTube
UCNYfutAWii6G1S-NUwgUt8A,fashion haul ,,Not Found,0,2,UUNYfutAWii6G1S-NUwgUt8A,https://www.youtube.com/channel/UCNYfutAWii6G1S-NUwgUt8A,YouTube
UCQQPChUcaYvC4-erzEg2LDw,Chic outfit ideas,"For travel outfit ideas, check my second channel Styled Abroad.",Not Found,659,41,UUQQPChUcaYvC4-erzEg2LDw,https://www.youtube.com/channel/UCQQPChUcaYvC4-erzEg2LDw,YouTube
UCm7fuYAG3DXJhsPP69O2inQ,FeelinMySkin Skincare Routine App,"Check what products suit you. Stay consistent with your routine. See actual results. 
4.5+ stars and 4.5K reviews on App Store and Google Play.

Skincare routine planning, product scanner & usage tracking, routine reminders, knowledge base and trusted community. 

All at the tips of your fingers.

Skin care can get overwhelming with the amount of products available, information overload, and the many steps sometimes required in a truly awesome skin care routine.

With FeelinMySkin mobile app we aim to assist skincare lovers in tracking products history, expiration dates, allergies, learning ingredients, staying consistent with reminders of skincare routine details, finding like-minded people and skincare experts, sharing knowledge and learning ins and outs of skin biology & care.

Make your health your priority - you may as well start with your largest organ — skin.",Not Found,118,9,UUm7fuYAG3DXJhsPP69O2inQ,https://www.youtube.com/channel/UCm7fuYAG3DXJhsPP69O2inQ,YouTube
UCb0eBCtYPAXhQqZ5Zwcp3ZA,Tamil Beauty Review,,Not Found,9,5,UUb0eBCtYPAXhQqZ5Zwcp3ZA,https://www.youtube.com/channel/UCb0eBCtYPAXhQqZ5Zwcp3ZA,YouTube
UCeDwPOEKot7KdHsrYOW_cgQ,𐙚 glamcoded🎀🫧,"🎀 Welcome to glamcoded🫧🎀 ✨

Your little beauty universe for 💄 makeup, 🫧 skincare, 🎀 GRWM, lip combos, beauty hacks, product reviews & self-care!

Here you’ll find easy and beginner-friendly makeup tutorials, trending beauty ideas, skincare tips, makeup hacks, lip combos, glow-up ideas and honest product reviews ✨

🪞 Makeup Tutorials
🎀 GRWM & Beauty Routines
💋 Lip Combos & Makeup Hacks
🫧 Skincare & Self-Care
✨ Beauty Tips & Product Reviews

Subscribe & become a part of my little beauty universe 🦢💗

New beauty content, cute ideas & lots of glam coming your way! ✨

📩 For collaborations: DM me on Instagram

#Anjiverse #Makeup #Beauty #Skincare #GRWM #MakeupTutorial #BeautyHacks #LipCombo",Not Found,365,77,UUeDwPOEKot7KdHsrYOW_cgQ,https://www.youtube.com/channel/UCeDwPOEKot7KdHsrYOW_cgQ,YouTube
UCpCOUZGON9YgWmEA2HU3bQQ,beauty review ,,Not Found,4,3,UUpCOUZGON9YgWmEA2HU3bQQ,https://www.youtube.com/channel/UCpCOUZGON9YgWmEA2HU3bQQ,YouTube
UCKdVHh2UFbl2_mLkBXeZ-dw,fashion world ideas,,Not Found,251000,7793,UUKdVHh2UFbl2_mLkBXeZ-dw,https://www.youtube.com/channel/UCKdVHh2UFbl2_mLkBXeZ-dw,YouTube
UC_bFH7APtgTF_7ybCqBdNOw,Salma Fashion Haul,"Assalamu Alaikum 💕
Welcome to my channel!
I share honest reviews of affordable fashion & viral shopping finds from Meesho, Amazon, Flipkart, Myntra & other online stores ✨
Here you’ll find Eid collections, kurta sets, Pakistani suits, bangles, shoe perfume, budget makeup & trending products 🛍️
If you love budget-friendly shopping & honest reviews before buying — subscribe now 💖
Regular YouTube Shorts on viral & affordable finds!

#weddingguestlook
#kurtaSet
#ethnicwear
#meeshoFinds
#shorts
#youtubeshorts
#indianfashion
#trending

",IN,67,165,UU_bFH7APtgTF_7ybCqBdNOw,https://www.youtube.com/channel/UC_bFH7APtgTF_7ybCqBdNOw,YouTube
UCouoE2o0SOXx1jKZFbtAWnA,Budget outfit ideas,"Hi everyone…
Welcome 🙏 to my channel Vineela vlogs 
 It’s me Vineela..this is my YouTube channel,here I m going to share all my 
thoughts and ideas regarding outfits and latest trends,fashion.I m also going to share delicious food recipes with you all,along with that you can expect travel and funny vlogs.I feel very happy and encouraged if you guys are join this journey.
Subscribe and hit the bell icon to stay updated with our latest videos. Thank you for being a part of our journey!❤️❤️❤️


Lifestyle | travel vlogs| outfit ideas | outfit from scratch |fashion | shopping 

 …with love Vineela….



",IN,312,27,UUouoE2o0SOXx1jKZFbtAWnA,https://www.youtube.com/channel/UCouoE2o0SOXx1jKZFbtAWnA,YouTube
UCt2Y0kzqOFrKQXBM4S8j5iA,Lucy fashion haul,"Your go-to spot for honest and detailed reviews, featuring fashion and beauty videos.

For Collab- artisticedge26@gmail.com


👗 Real Try-Ons | Size & Fit Guide | Quality Check | Styling Tips

✨ New videos every week to help you find the perfect outfit—without the guesswork!
",IN,501,414,UUt2Y0kzqOFrKQXBM4S8j5iA,https://www.youtube.com/channel/UCt2Y0kzqOFrKQXBM4S8j5iA,YouTube
UCCsDzd6T8aj4U7h1qEa3dgw,Rinkal Parekh,"Hii Everyone! 
Rinkal here...
I love Skin Care, Makeup & Cosmetics and would like to share  new ideas with you. If you like my videos then please Like, Comment and share them with your friends and family, Oh and do SUBSCRIBE  and stay updated on my every new videos.

Spread Love :)

Thank You ! :)




DISCLAIMER: The information given on this channel and its recordings is for general purposes just and ought NOT be considered as an expert counsel. I am NOT an authorised personnel or a specialist for medical issues so if you have any medical problems please get counsel by your doctor. The videos published on this channel is my own creation and is ensured under copyright law.",IN,3650000,660,UUCsDzd6T8aj4U7h1qEa3dgw,https://www.youtube.com/channel/UCCsDzd6T8aj4U7h1qEa3dgw,YouTube
UC7WtE1fUSRbJtc-Qw5J12Aw,beauty review by ND,Beauty blogger ,Not Found,4,10,UU7WtE1fUSRbJtc-Qw5J12Aw,https://www.youtube.com/channel/UC7WtE1fUSRbJtc-Qw5J12Aw,YouTube
UCwqhSpOYt067AqG8hW5QSEw,outfit ideas summer and winter ,,Not Found,221,135,UUwqhSpOYt067AqG8hW5QSEw,https://www.youtube.com/channel/UCwqhSpOYt067AqG8hW5QSEw,YouTube
UCYUE4U_lp7YPIB0iXxnTjbw,Emma Hill,"Hi 👋🏼
I'm Emma, I'm British, 40 years old and here on my channel I share useful fashion & style videos to help you get the most out of your wardrobes. I focus on finding the best quality classic pieces at affordable prices (so you don't have to) as well as content on how to care for what you own, brand try-ons, honest reviews and styling videos.
I also have video playlists full of content on travel as well as our home renovation and DIY projects for you to get inspiration from or try yourself.
Videos are posted every Sunday but you may find a mid-week bonus video on Wednesday from time to time x",GB,409000,668,UUYUE4U_lp7YPIB0iXxnTjbw,https://www.youtube.com/channel/UCYUE4U_lp7YPIB0iXxnTjbw,YouTube
UCMz7LFpXSvSxMzlPiNm0ibw,Beauty At Everyage ,"MY 2ND CHAPTER / LIFESTYLE CHANNEL / WOMEN OVER 40 AND BEYOND.

Welcome to BeautyAtEveryAge — where we talk health, share scripture shout‑outs, explore new destinations, review what’s worth your time, and cook up love in Max’s Kitchen.
I’ll even sprinkle in nail content here, while the full nail journey continues on my other channel.This is a community for women who live, laugh, travel, grow, and embrace. Beauty At Everyage ",US,1210,258,UUMz7LFpXSvSxMzlPiNm0ibw,https://www.youtube.com/channel/UCMz7LFpXSvSxMzlPiNm0ibw,YouTube
UCebyprDLkY2po89M5eXabWQ,drees outfit ideas 😊,"Welcome to Outfit Ideas 😊 — your daily dose of fashion & outfit inspiration! 👗✨
Is channel par hum share karte hain unique dress designs, stylish outfit ideas, aur latest fashion trends. 🌸
✨ Chic looks & styling ideas you’ll love 🤍
🔔 Daily updates aur naye designs ke liye channel ko Subscribe zaroor karein! ❤️",Not Found,151,58,UUebyprDLkY2po89M5eXabWQ,https://www.youtube.com/channel/UCebyprDLkY2po89M5eXabWQ,YouTube
UC8Mh42KmpBB6jlQMkOsTQhg,FASHION HAUL,"Target 10k🎯🙏

Hello everyone I am Priya, I make videos related saree, lehenga ,blouse and many more .Thanks for visiting my profile

 Please show some love and subscribe to my channel🤗❤️",IN,2870,229,UU8Mh42KmpBB6jlQMkOsTQhg,https://www.youtube.com/channel/UC8Mh42KmpBB6jlQMkOsTQhg,YouTube
UCOJ2kW2mUajoXj2bbrHoDgQ,Preeti makeup tutorial,"Hello my family.i am Preeti and I will give you more knowledge about make up . please support me.and share, subscribe or like jarur kre.",Not Found,61,146,UUOJ2kW2mUajoXj2bbrHoDgQ,https://www.youtube.com/channel/UCOJ2kW2mUajoXj2bbrHoDgQ,YouTube
UC3L8VCYqAIePT4FDdybUiqQ,Beauty Review Diaries ,"🕵️‍♀️ Faceless Creator • Kolkata, India 
🧴 Makeup • Skincare • Perfumes
✨ Honest reviews from real everyday use.
📩 DM for PR & Collabs 🤍

",Not Found,36,16,UU3L8VCYqAIePT4FDdybUiqQ,https://www.youtube.com/channel/UC3L8VCYqAIePT4FDdybUiqQ,YouTube
UChoPnrfov4mAPcuyNzn9f3Q,BEAUTY REVIEW ,"Welcome to Beauty Review 🌸

Your trusted place for honest beauty product reviews, skincare tips, makeup reviews, and beauty hacks.

💄✨ We test it. We review it.
You glow with confidence. ✨

Here you'll find:
• Honest Product Reviews
• Skincare Tips & Routines
• Makeup Reviews & Tutorials
• Beauty Hacks & Tips

New videos every week!
Subscribe and join our beauty community. 💕✨

Stay beautiful, stay confident! 🌸
",IN,2,5,UUhoPnrfov4mAPcuyNzn9f3Q,https://www.youtube.com/channel/UChoPnrfov4mAPcuyNzn9f3Q,YouTube
UCfxabRmqXw7j8SSIll5f9_A,Skin Care Routine,"►Hii Everyone! 

►Nabila Kousar

►I love Skin Care, Makeup & Cosmetics and would like to share  new ideas with you. If you like my videos then please Like, Comment and 

►Share them with your friends and family, Oh and do SUBSCRIBE  and stay updated on my every new videos.

►Spread Love :)

►Thank You ! :)

► Keep Supporting Me :)


►For business inquiries
    abidn561@gmail.com",PK,74,10,UUfxabRmqXw7j8SSIll5f9_A,https://www.youtube.com/channel/UCfxabRmqXw7j8SSIll5f9_A,YouTube
UClVk-Bqpj8RxS1JTIu8zdsQ,Brave Beauty Review,#Beauty and makeup #kidsvideos #entertainment video ,IN,185,102,UUlVk-Bqpj8RxS1JTIu8zdsQ,https://www.youtube.com/channel/UClVk-Bqpj8RxS1JTIu8zdsQ,YouTube
UC9hvPcIrsN8JgYF9PMjHfwQ,Vijaya Haul Fashion's,"Hi Friends Welcome❤️
We are from 
""Vijaya Haul Fashion's""
Trusted quality😍
Next day dispatch😋
💯 Percent genuine 
Grab Soon🎁
Subscribe to our Channel for more updates and freegifts 🎁
❤️ Contact us - 9346350636❤️
Hi Mam , AGAR AAPKO HAMAARE CHANNEL PE KOI  ITEM PASAND HO THO,USKA SCREENSHOT LE KAR ,HUME      WHATSAPP KIJIYE GA
🥰🥰🥰🥰",Not Found,27500,1755,UU9hvPcIrsN8JgYF9PMjHfwQ,https://www.youtube.com/channel/UC9hvPcIrsN8JgYF9PMjHfwQ,YouTube
UC5ENd448_XwdcN9xojTm4aA,HHFERNANDA,"
IG: @HHFERNANDA 
TikTok: @hh_fernanda 
Collabs: management@hhfernanda.com
Based in Hamburg, Germany",DE,144000,76,UU5ENd448_XwdcN9xojTm4aA,https://www.youtube.com/channel/UC5ENd448_XwdcN9xojTm4aA,YouTube
UCIC3uNXBd2p52ZZrvj-Mk1w,Maya Fashion Haul,,Not Found,0,1,UUIC3uNXBd2p52ZZrvj-Mk1w,https://www.youtube.com/channel/UCIC3uNXBd2p52ZZrvj-Mk1w,YouTube
UCxzZ3qyP5t3xmJG0I4AmbXA,Keshva Hair Care,"Welcome to Keshva Hair Care’s Official YouTube Channel!

We’re dedicated to helping you achieve your best hair naturally. At Keshva Hair Care, we specialize in creating premium, chemical-free hair care products made from herbal ingredients. Whether you're dealing with hair fall, dryness, or dandruff, we’ve got natural solutions tailored to your needs.

What You’ll Find Here:

Expert hair care tips & advice
DIY hair care routines
Product tutorials & how-to
Customer testimonials & results

Who’s It For?
Anyone looking for natural, effective solutions to promote hair health, growth, and overall beauty. Perfect for all hair types!

Join Our Community!
Subscribe and hit the bell icon to stay updated with the latest in hair care. Let’s start your healthy hair journey together!

Visit our website for the full range: https://keshvahaircare.in

Connect With Us:
🌐 Visit: https://keshvahaircare.in
📧 Email: keshvahaircare@gmail.com
📍 Instagram & Facebook: @keshva_hair, Contact no.: +91-8483056844
",IN,1200,614,UUxzZ3qyP5t3xmJG0I4AmbXA,https://www.youtube.com/channel/UCxzZ3qyP5t3xmJG0I4AmbXA,YouTube
UCB9efJwYVDCmrDADgtl4KrQ,Beauty creator_ Anam Fatima," Hello cuties 👋💖
My Name is Anamfatima 🌷

I’m trying to give you all a helpful review, best affordable makeup review,worth the money makeup products,and i hope u like my content and subscribe to my channel girlies 🫶let’s make a YouTube family girlies 😗😍😍
A new beginning subscribe and show some love and support 👉🏻👈🏻💗thank u girlies 🫶💕 
Make a dream became a beauty creater comes true one day inshaAllah 🤌✨💗


 Beauty creator🎀 Beauty • Art • Creativity


✨ Just a girl turning her little passions into a YouTube journey🌷🎀
💄 Makeup | 🎨 Art | 🤍 Lifestyle
Come grow with me! 🫶🏻🌸
A beauty creator 🫶💖✨🤌",Not Found,181,21,UUB9efJwYVDCmrDADgtl4KrQ,https://www.youtube.com/channel/UCB9efJwYVDCmrDADgtl4KrQ,YouTube
UCUCUzy8VoaFkx8OW9XUifJQ,Tannu makeup tutorial,"Welcome to Tannu Makeup Tutorial 💄
Yahan aapko milenge easy makeup looks, daily shorts, beauty tips aur simple transformation videos.
Please subscribe karke support karein ❤️",Not Found,153,54,UUUCUzy8VoaFkx8OW9XUifJQ,https://www.youtube.com/channel/UCUCUzy8VoaFkx8OW9XUifJQ,YouTube
UCSGHa2aVithNpATKDVzC2FA,Bella Fashion Haul,,Not Found,4,3,UUSGHa2aVithNpATKDVzC2FA,https://www.youtube.com/channel/UCSGHa2aVithNpATKDVzC2FA,YouTube
UCulCoLY-Z8bG7Iogl7vn7BQ,Makeup Tutorial,"Welcome to ""Makeup Tutorial""! This is your go-to channel for all things fashion, makeup, nail art, and trendy hairstyles. Whether you're a beauty enthusiast looking to enhance your skills or a beginner eager to learn the latest techniques, you've come to the right place.

Join me on this exciting journey as I share my expertise as an experienced makeup artist and nail art designer. From flawless foundation application to creating mesmerizing eye looks, I'll guide you step by step through the world of makeup, helping you unlock your inner artist.

We'll also dive into the world of nail art, exploring the most stunning designs and teaching you how to recreate them effortlessly. From chic minimalist patterns to intricate and eye-catching styles, your nails will be the talk of the town. Don't forget to hit that subscribe button and join our amazing community of beauty enthusiasts.

#fashion #makeup #nailart #nailartswag #nailartforgirls #fashionblogger #naturalmakeup #naturalhairstyles
",IN,4360,829,UUulCoLY-Z8bG7Iogl7vn7BQ,https://www.youtube.com/channel/UCulCoLY-Z8bG7Iogl7vn7BQ,YouTube
UCIasYDBB6gWKm-wyL2Rpwxg,Nandita's makeup tutorial,Makeup is my life,Not Found,201,64,UUIasYDBB6gWKm-wyL2Rpwxg,https://www.youtube.com/channel/UCIasYDBB6gWKm-wyL2Rpwxg,YouTube
UCcJfvKxibJ76_5lgJZ_kFBA,Elora Fashion | OUTFIT IDEAS,,Not Found,141,28,UUcJfvKxibJ76_5lgJZ_kFBA,https://www.youtube.com/channel/UCcJfvKxibJ76_5lgJZ_kFBA,YouTube
UCa8G8VGSx-xOe3Z7kCRBLyA,LONG HAIR VIDEO & TIPS roopa Sarathbabu,"Hai everyone,
I am Roopa sarathbabu This is my YouTube channel contains hair care, hair growth tips, hair regrowth tips. All are Natural solution for Hair, Skin & Health related issues. I am giving My Own hair care Methods & tips. No False promise and No false information without my experience. I used simple Home remedies and My own hair care methods that helps hair become healthy & strong.

I am giving Natural Hair care,Skin care methods & some successful hair care experiments .i am 200% sure this channel information definitly help you to overcome your hair related issues.Grow your lost hair again.

Please do not take Any photos, videos and personal details from my videos without my permission.


Your valuable support  important to us

Stay connected ❤❤❤
Thank you
",IN,989000,919,UUa8G8VGSx-xOe3Z7kCRBLyA,https://www.youtube.com/channel/UCa8G8VGSx-xOe3Z7kCRBLyA,YouTube
UCoHQqyLxI2YQDU9_Cw4n9Gg,NR Beauty with Review ,"NR  Beauty with review
This  channel all about    products review, DIY, fashion  and makeup videos and app and website introduction and vlog
     I hope you support and watch my video and subscribe to our channel

Business Enquiries // collaboration //  PR please contact me
 nrbeautwithreviewcollab2@gmail. com

All the information are based on my own experience always take a patch test before applying anything on your face and body ",IN,2070,287,UUoHQqyLxI2YQDU9_Cw4n9Gg,https://www.youtube.com/channel/UCoHQqyLxI2YQDU9_Cw4n9Gg,YouTube
UCFUKQHxApgWKUCPhcwfqs_w,sumbal || Beauty Review ,"Honest Reviews | PR+ self  bought 
skincare • Beauty • Fashion ✨ 
Trusted by 20+brands
📸 Creating authentic content that converts
💌 Open for brand collaborations
📍Pakistan ",PK,999,85,UUFUKQHxApgWKUCPhcwfqs_w,https://www.youtube.com/channel/UCFUKQHxApgWKUCPhcwfqs_w,YouTube
UCtLpPnn0bg52IPFhzMwkvBw,RABIA SKINCARE 2.0,"🌿 Welcome to Rabia Skincare – Where Ayurveda Meets Science for True Beauty 🌿

At Rabia Skincare, we believe that real beauty isn’t found in chemicals – it’s rooted in the timeless wisdom of Ayurveda, perfected by modern science. 

This is your trusted space for natural, Ayurvedic, and science-backed skincare, haircare, and wellness remedies that actually work.

Here, you’ll find:
✨ Effective & Proven Home Remedies straight from Ayurvedic traditions.

✨ Science-Backed Explanations so you know why and how each remedy works.

✨ Expert Guidance on natural products and routines for glowing skin & healthy hair.

✨ A personal touch from Rabia herself – sharing her life, wellness journey, and behind-the-scenes.

When it comes to natural beauty, there’s only one name – Rabia Skincare. 💚

Subscribe now and become part of our growing family who choose purity, wisdom, and truth over quick fixes.


NOTE: (We own the complete copyrights for the videos. Don't use our video without permission)",IN,4960000,846,UUtLpPnn0bg52IPFhzMwkvBw,https://www.youtube.com/channel/UCtLpPnn0bg52IPFhzMwkvBw,YouTube
UCJSloLVAFWdheIheYLQBYZg,Melody Collection - stylish clothes & Fashion Haul,"✨ Welcome to Melody Collection ✨

Yahan aapko milegi latest fashion, stylish kapron ki collection aur daily outfit ideas! 
Hum late hain trendy, affordable aur comfortable clothes jo har occasion ke liye perfect hain.

👗 Kya milega is channel pe:
• Daily New Dress Hauls - Shorts + Long Videos
• Styling Tips & Outfit Ideas
• Affordable Brands & Boutique Collections

 🛍️ ORDER KAISE KAREN:
Facebook Page:


https://www.facebook.com/share/1CzhbzZMdA/

📦 All Pakistan Cash on Delivery Available


Agar aapko fashion pasand hai to SUBSCRIBE karen aur bell icon dabana mat bhooliye! 
Har roz naye kapre, naye styles 💖

#MelodyCollection #PakistaniFashion #DressHaul",PK,22,131,UUJSloLVAFWdheIheYLQBYZg,https://www.youtube.com/channel/UCJSloLVAFWdheIheYLQBYZg,YouTube
UCpmzWg4m75YxpxZaIktfHmg,Sarheena Bloom 🌷 ,"Hi angels 🌷
Welcome to sarheena bloom

A soft little corner for makeup, skincare, lifestyle & all things girly ✨
I share what i learn, what i love & what makes me bloom

New videos every week ♡
Stay soft, Stay blooming 🌸",Not Found,3,14,UUpmzWg4m75YxpxZaIktfHmg,https://www.youtube.com/channel/UCpmzWg4m75YxpxZaIktfHmg,YouTube
UCnSav6_NvFa6zRPAX3Uik3g,Bindu Natural World,"• BEST HAIR ADVICE🌱
• 7500+ Members
• Hair Expert & Hair Coach
• Excellence Award for Best Hair Regrowth Expert from Renowned Dr. A. Velumani (Founder of Tyro care)
• More than 9 years experience

• FREE Workshop 👇

https://hair.bindunaturalworld.info/freeworkshop

WhatsApp at +917696319666

An Engineer with Double MBA having more than 15 years of experience In Ayurveda, Yoga, Acupressure and face yoga from Ministry of Ayush. 

Real and Natural Hair Regrowth Journey from Baldness to Healthy Thick Hair at Home with Ayurvedic Remedies (NO CHEMICALS)

Disclaimer

All the information provided on our channel and its videos is for general purposes only and should not be considered as professional advice. I am not a licensed practitioner so always consult a professional for any help however we always try to provide updated correct information which is our own self-tested creativity and knowledge. Whatever we use in our videos cant guarantee they suit you.

Loads of love!
Bindu Natural world
",IN,398000,1487,UUnSav6_NvFa6zRPAX3Uik3g,https://www.youtube.com/channel/UCnSav6_NvFa6zRPAX3Uik3g,YouTube
UCbUKDHBw9KeKxQA1OKl322Q,ruhi.outfitideas,"hello friends, 
WELCOME to You my youTube channel. 👋",Not Found,22,23,UUbUKDHBw9KeKxQA1OKl322Q,https://www.youtube.com/channel/UCbUKDHBw9KeKxQA1OKl322Q,YouTube
UCMvqdB29AmVZodCuJU5rfDQ,Nikki fashion haul,,Not Found,2,7,UUMvqdB29AmVZodCuJU5rfDQ,https://www.youtube.com/channel/UCMvqdB29AmVZodCuJU5rfDQ,YouTube
UCg56mWoCfkNuXd7v_rJ0B2g,Hae Mi Jane | Outfit Ideas,"Thanks for subscribing 😉😉

I share easy, aesthetic, and wearable outfit ideas designed for real life, along with links so you can shop the pieces I feature.😊❤️


",NL,13700,305,UUg56mWoCfkNuXd7v_rJ0B2g,https://www.youtube.com/channel/UCg56mWoCfkNuXd7v_rJ0B2g,YouTube
UCCC124yckRSipyAPRGn4bIw,SKIN CARE ROUTINE ,"✨ Welcome to Zainas Skin Care ✨

Welcome to the official Zainas Skin Care channel! 💖
Yahan aapko milenge skincare tips, beauty care, product information, skincare routines aur useful beauty videos.

🌸 Discover skincare that fits your routine
💧 Learn simple & effective skincare tips
✨ Explore Zainas Skin Care products
📦 Product updates & special offers

Subscribe to Zainas Skin Care and stay connected for more skincare & beauty content! 💕

Order no- 7678433780",Not Found,69,8,UUCC124yckRSipyAPRGn4bIw,https://www.youtube.com/channel/UCCC124yckRSipyAPRGn4bIw,YouTube
UCQGbVErhOxl0suiGEWvOzDw,Lotus Flower Life,"Where Beauty & Wellness Meet: self care, natural hair care, skin care & more. Let's blossom together 🪷.

🌿𝐃𝐎𝐖𝐍𝐋𝐎𝐀𝐃 your 𝐅𝐑𝐄𝐄 flaxseed gel guide and make high-quality gel every time: http://lotusflowerlife.com

✉️ Business Email: pr@lotusflowerlife.com



",US,32100,172,UUQGbVErhOxl0suiGEWvOzDw,https://www.youtube.com/channel/UCQGbVErhOxl0suiGEWvOzDw,YouTube
UCxmpyg5qMnSua2lgZ4bLvXg,Dstyle - outfit ideas & outfit inspirations,"As your Fashion Stylist, from high street finds to high-end gems- I scout the pieces you’ll love, so you don’t have to. You can shop all looks instantly on my LTK page. The direct link is in the description. 

If you love the looks, please click subscribe to join our styling community! 


SHOP ALL LOOKS HERE!

LTK Shop Link: https://www.shopLTK.com/explore/Dstyle_outfitideas


LET'S CONNECT!

Instagram: https://www.instagram.com/dstyle_outfitideas?igsh=Y2JqOWZpd210dHE1&utm_source=qr

TikTok: https://www.tiktok.com/@dstyleoutfitideas?_r=1&_t=ZN-91CFd0NHsbC",Not Found,25800,188,UUxmpyg5qMnSua2lgZ4bLvXg,https://www.youtube.com/channel/UCxmpyg5qMnSua2lgZ4bLvXg,YouTube
UCJQbSLixXtC2kk6Ys734NeA,The Beauty Review ,"""Hey, beauties! I'm Khushi Agarwal, your skincare and makeup BFF 💕!

Welcome to my channel, where self-love meets self-care 🌻❤️. Get ready for honest product reviews, insider tips, and stunning makeup looks that'll make you feel like a queen 👑. Let's glow, inside and out! 💖 

On this channel, you can expect:

- Honest product reviews and hauls
- DIY skincare remedies and tips
- Makeup tutorials and product reviews
- Health and wellness advice to help you glow from the inside out
- Informative content to help you navigate the world of beauty

Let's grow and learn together! 🌸 Subscribe now and hit the notification bell 🔔 to stay updated on new content. I'm excited to share my passion for beauty and wellness with you! 🏵️ 💕 


*Content Disclaimer:* All opinions and reviews shared on this channel are based on my personal experiences and preferences. Results may vary, and it's essential to patch test products and consult with a professional if you have specific skin concerns. ",Not Found,86,143,UUJQbSLixXtC2kk6Ys734NeA,https://www.youtube.com/channel/UCJQbSLixXtC2kk6Ys734NeA,YouTube
UCv3w8HxHuWRhrQkkGScmPDw,Sophia Fashion Haul ,"
📩 Business
📧 Email: darkrevengeyt786@gmail.com

⚖️ Disclaimer:
Copyright Disclaimer under Section 107 of the Copyright Act 1976 — allowance is made for “fair use” for purposes such as criticism, comment, news reporting, scholarship, and research.
This video is for entertainment and educational purposes only. All opinions are my own. Product details, availability, and pricing may vary with time
",US,1820,53,UUv3w8HxHuWRhrQkkGScmPDw,https://www.youtube.com/channel/UCv3w8HxHuWRhrQkkGScmPDw,YouTube
UC0lj5odQ1wq2ZXgQKEZIx_Q,SPENCER HEDGES,,US,1010000,200,UU0lj5odQ1wq2ZXgQKEZIx_Q,https://www.youtube.com/channel/UC0lj5odQ1wq2ZXgQKEZIx_Q,YouTube
UCd12T3_7TnL9H_gXYG8mvUA,Nancy Fashion Haul,,Not Found,0,21,UUd12T3_7TnL9H_gXYG8mvUA,https://www.youtube.com/channel/UCd12T3_7TnL9H_gXYG8mvUA,YouTube
UC4K8ALS10g5fQmVKwrVcNDg,Beauty Review,,Not Found,0,2,UU4K8ALS10g5fQmVKwrVcNDg,https://www.youtube.com/channel/UC4K8ALS10g5fQmVKwrVcNDg,YouTube
UCoTGShrYxH7S1lPeAbJZtkQ,Beauty Review with Kavita,"insta:https://www.instagram.com/beautyreviewwithkavita?stkn=c25uaTJ2dTBseGdu
follow my insta id 

💄 Welcome to My Channel!

If you love Honest Makeup Reviews, you're in the right place!

On this channel, you'll find:
✨ Honest Makeup Reviews
✨ Beauty Product Reviews
✨ Skincare Reviews
✨ Beauty Tips & Tricks

My goal is to share honest reviews so you can choose the right beauty products with confidence.

❤️ Subscribe and turn on the Bell Icon to never miss a new review!

New Shorts & Reviews Every Week!

Thank you for being here and supporting my journey. 💕
📩Collabs & PR  Partnership 
butiakavita9@gmail.com
",IN,63,31,UUoTGShrYxH7S1lPeAbJZtkQ,https://www.youtube.com/channel/UCoTGShrYxH7S1lPeAbJZtkQ,YouTube
UCwT7fBFzE36sq7tOqgpWung,Beauty tips by sriza🎀,"~|| Heyy...Y'all, welcome to my channel 
🌸. My name is Sriza! I'm an upcoming youtuber,I hope you guy's enjoy and subscribe to my content !!!
🌸||


~ Content : Review, GRWM, daily vlogs,Makeup tutorials
Beauty and more💗🪄

~ Socials : 
|| Instagram||: @_.i.kritika.__ 💗
|| Facebook||: Sriza C. 💗


~I hope you guy's enjoy my contents⚜️


~Make sure you samash that like button. trun on post notifications and mostly important SUBCRIBE to my channel.💗🌸🪄
",Not Found,81,59,UUwT7fBFzE36sq7tOqgpWung,https://www.youtube.com/channel/UCwT7fBFzE36sq7tOqgpWung,YouTube
UC2sYit3cZ2CuD_8FHYH7O_Q,Hyram,"Aloha beautiful! My name is Hyram, and I'm passionate about teaching you about skin care! My goal is to make YOU feel more confident in your body :) I post 2-3 times a week! Be sure to subscribe and hit the notification bell so that you can learn about how to take care of your skin. Stay confident, love yourself, and change the world. -Hyram

DISCLAIMER: I am a skin care specialist, facilitating skin consultations daily. I am, however, not a dermatologist or a licensed esthetician. I don't claim to know as much/more than industry professionals. I do my best to research ingredients, products, and skin care strategies from a scientifically justified standpoint. As with every product, just because it works for me, doesn't mean it won't work for you! All positivity and love :)",US,4340000,928,UU2sYit3cZ2CuD_8FHYH7O_Q,https://www.youtube.com/channel/UC2sYit3cZ2CuD_8FHYH7O_Q,YouTube
UCTHYf-zDy-p6pCgawBHnYyA,Better Styling,"✨ Welcome to Better Styling ✨

Style isn't about spending more—it's about making the right choices.

At Better Styling, we help women with melanin-rich skin create elegant, expensive-looking outfits through thoughtful styling, luxury-inspired color combinations, and timeless fashion advice.

On this channel, you'll discover:

✨ Luxury color combinations that flatter deeper skin tones
✨ Gold vs. silver jewelry styling ideas
✨ Elegant outfit transformations
✨ Wedding guest fashion inspiration
✨ Handbag and accessory styling tips
✨ Fashion mistakes to avoid
✨ Outfit ideas that look expensive without following every trend
✨ Timeless styling advice inspired by luxury fashion

If you love elegant fashion, sophisticated styling, and luxury-inspired outfit ideas, you're in the right place.

Subscribe and join the Better Styling community for new fashion inspiration every week.

Better Choices. Better Confidence. Better Styling.",NG,18,12,UUTHYf-zDy-p6pCgawBHnYyA,https://www.youtube.com/channel/UCTHYf-zDy-p6pCgawBHnYyA,YouTube
UCe7TySF2-OTkGUi1CCNK_DQ,The Modest Fashion Haul,"✨ The Modest Fashion Haul :your fairytale ✨Curating the ultimate modest capsule wardrobe. 
🕊️ We bridge the gap between contemporary trends and elegant coverage.
 Discover effortless styling, aesthetic hauls, and high-low fashion pieces that celebrate your individuality.
Inside the fairytale:
🏹 Minimalist try-on hauls
.☕ Neutral and tonal styling.🪐 Elevated everyday lookbooks
.Subscribe to elevate your daily
 https://www.pinterest.com/samreenahmedsaqi/",Not Found,292,180,UUe7TySF2-OTkGUi1CCNK_DQ,https://www.youtube.com/channel/UCe7TySF2-OTkGUi1CCNK_DQ,YouTube
UCHJuZG9hHQs6JaBLzlc2KPg,OutfitsMAG,"OutfitsMAG Your Daily Outfit Inspiration ✨

Welcome to OutfitsMAG! Your go-to channel for daily outfit inspiration for every style and occasion. Discover casual and elegant look ideas, learn to combine your clothes, and explore the latest trends to make the most of your wardrobe. Subscribe and feel fabulous with every look!

OutfitsMAG Tu Dosis Diaria de Inspiración para Vestir ✨

¡Bienvenido a OutfitsMAG! Tu canal ideal para inspiración diaria de outfits para cada estilo y ocasión. Descubre ideas de looks casuales y elegantes, aprende a combinar tus prendas y explora las últimas tendencias para sacarle el máximo partido a tu armario. ¡Suscríbete y siéntete fabulosa con cada look!",US,355000,8353,UUHJuZG9hHQs6JaBLzlc2KPg,https://www.youtube.com/channel/UCHJuZG9hHQs6JaBLzlc2KPg,YouTube
UCMDPvpD-R1_isb1o0ua15ig,BE NATURAL,"🌸 Welcome to Be Natural by Rekha 💖

Hi! I'm Rekha. At Be Natural, I help girls and women make informed beauty decisions through science-backed Hair Care, Skincare, Feminine Hygiene, Beauty, Fashion, Makeup, Self-Care & Lifestyle content.

✨ Hair Care • Skincare • Beauty • Feminine Hygiene • Makeup • Fashion • Self-Care • Honest Reviews

📩 Business:
benaturalproduction2020@gmail.com

⚠️ Disclaimer: Content is for educational purposes only, based on research and personal experience. It is not a substitute for professional medical advice. Always perform a patch test, as results may vary.

💖 With love, Rekha
",IN,8640000,2110,UUMDPvpD-R1_isb1o0ua15ig,https://www.youtube.com/channel/UCMDPvpD-R1_isb1o0ua15ig,YouTube
UCorG6AURQ8Awk5SW55vIxFg,Heather Fletcher,"All things lifestyle, beauty, & wellness 📍🇺🇸 HAIR PRODUCTS I use ⬇️⬇️⬇️",Not Found,327000,677,UUorG6AURQ8Awk5SW55vIxFg,https://www.youtube.com/channel/UCorG6AURQ8Awk5SW55vIxFg,YouTube
UCfIvM9-qvXUTHrE45W_H-JA,Sophie Fashion Haul ,Women who support women 💕💥,US,2280,335,UUfIvM9-qvXUTHrE45W_H-JA,https://www.youtube.com/channel/UCfIvM9-qvXUTHrE45W_H-JA,YouTube
UCAukaPyLYZKosrWpPyJIuQg,Smriti outfit ideas ,"🎯 Goal: 20K Subscribers 💖

✨ Welcome to my fashion channel ✨
Yahan aapko milenge stylish outfits, kurti, saree, lehenga, jewellery, sandals aur daily wear fashion finds 💕
Budget-friendly shopping videos, trusted products aur latest trending looks ke liye channel ko subscribe karein 💖
Aap sabke support se jaldi 20K family complete karni hai ✨
Products ke links description ya story highlights me available rahenge 💖",Not Found,144,172,UUAukaPyLYZKosrWpPyJIuQg,https://www.youtube.com/channel/UCAukaPyLYZKosrWpPyJIuQg,YouTube
UCrB7jDqUwLfaPgrC_Ap0IPQ,Olivia Fashion Haul,,Not Found,122,20,UUrB7jDqUwLfaPgrC_Ap0IPQ,https://www.youtube.com/channel/UCrB7jDqUwLfaPgrC_Ap0IPQ,YouTube
UCxaSPTIxPVg2Rurzla9DO_Q,Skincare routine ,"Hello Everyone 😀❤️
How to videos is skincare routine
Every skin helps

",IN,1,1,UUxaSPTIxPVg2Rurzla9DO_Q,https://www.youtube.com/channel/UCxaSPTIxPVg2Rurzla9DO_Q,YouTube
UCUC-eDg5dKycrfb2z2WZ2eQ,Juhi Fashion Haul,"नमस्ते दोस्तों! 🙏

मैं हूँ जूही कुमारी और मेरे इस चैनल पर आपका बहुत-बहुत स्वागत है! 🌸

अगर आपको बजट में रहकर लेटेस्ट फैशन और स्टाइल पसंद है, तो आप बिल्कुल सही जगह आए हैं। मैं इस चैनल के ज़रिए आपके लिए लेकर आती हूँ Meesho, Myntra और Ajio जैसे प्लेटफॉर्म्स से सबसे सस्ते और बेहतरीन प्रोडक्ट्स के रिव्यू।

मेरे चैनल पर आपको क्या देखने को मिलेगा?
✅ ईमानदार रिव्यूज (Honest Hauls): कपड़ों से लेकर ज्वेलरी और होम डेकोर तक।
✅ असली और फोटो में फर्क (Expectation vs Reality): क्या प्रोडक्ट वैसा ही है जैसा ऐप पर दिखता है?
✅ सस्ते शॉपिंग आईडिया: ₹299 और ₹499 के अंदर बेहतरीन डील्स।
✅ स्टाइलिंग टिप्स: कम पैसों में खुद को स्टाइलिश कैसे दिखाएं।

हर हफ्ते नए और ट्रेंडिंग वीडियो देखने के लिए मेरे इस छोटे से परिवार का हिस्सा बनें और Subscribe बटन ज़रूर दबाएं! ❤️

📩 Sponsorship और Business के लिए संपर्क करें:
Gmail : mkspowerarmy@gmail.com",Not Found,112,67,UUUC-eDg5dKycrfb2z2WZ2eQ,https://www.youtube.com/channel/UCUC-eDg5dKycrfb2z2WZ2eQ,YouTube
UCnDkvSKo1yob63PdLK4iQBg,Rachana official,"Heyy guys, Here goes my life's journey sharing with you all from this amazing YouTube platform.

Hope you all enjoy , like , share & subscribe to the channel.

Thank you.


",IN,391000,267,UUnDkvSKo1yob63PdLK4iQBg,https://www.youtube.com/channel/UCnDkvSKo1yob63PdLK4iQBg,YouTube
UCRlJno9zeZja3QNsVYxMqKA,Samriddhirajput,"~|| Heyy Y'all , Welcome to my channel 💗. My name is samriddhi ! I'm an upcoming youtuber, I hope you guys enjoy and subscribe to my content !!🍒||                                                   ~Content: Reviews , GRWM, Vlogs , Beauty and more.💗.                                                                       ~Make sure you smash that like button, turn on post notifications and mostly important SUBSCRIBE to my channel 💗🫶🏻.                 GRWM, Get Ready With Me, GRWM India, GRWM Makeup, Makeup Routine, Everyday Makeup, Daily Makeup Routine, Beauty Products Review, Makeup Products Review, Makeup Review, Simple Makeup, Beginner Makeup, Indian Beauty, Beauty Routine, Daily Life Vlog, Mini Vlog, Lifestyle Vlog, Makeup Tutorial, Affordable Makeup, Natural Makeup Look, Beauty Shorts, Makeup Shorts, GRWM Shorts, YouTube Shorts",Not Found,5,3,UURlJno9zeZja3QNsVYxMqKA,https://www.youtube.com/channel/UCRlJno9zeZja3QNsVYxMqKA,YouTube
UCcr0Zv0BESIa7JpL9gKBWkA,Parveen Beauty Review ⭐,"Parveen ke channel par aapka swagat hai. Yahan aapko makeup, skincare, beauty products ke honest reviews, shopping finds aur beauty tips milenge. Agar aap naye beauty products dekhna pasand karte hain, to channel ko subscribe zarur karein.",IN,1,10,UUcr0Zv0BESIa7JpL9gKBWkA,https://www.youtube.com/channel/UCcr0Zv0BESIa7JpL9gKBWkA,YouTube
UCNg0IynUwAnn02OlVzjHc6g,Skincare routine," Acne • Glow • Real Skin Results
Helping you fix your skin the right way
New videos weekly ✨
acne treatment
skincare routine
glowing skin
clear skin
oily skin / dry skin",Not Found,23,47,UUNg0IynUwAnn02OlVzjHc6g,https://www.youtube.com/channel/UCNg0IynUwAnn02OlVzjHc6g,YouTube
UCH9ggMhR0m11vVq0kT-Finw,Outfit Aura,"✨ Outfit Aura — Channel 
Welcome to Outfit Aura 🤎✨
Your daily dose of fashion, outfit inspiration & aesthetic looks 👗👜
✨ Trendy Outfit Ideas
🤎 Aesthetic Fashion
👠 Styling Inspiration
👜 Accessories & Looks
🎀 Fashion Shorts
Dress your vibe. Own your aura. ✨
Subscribe & stay stylish! 🤎",Not Found,5,9,UUH9ggMhR0m11vVq0kT-Finw,https://www.youtube.com/channel/UCH9ggMhR0m11vVq0kT-Finw,YouTube
UCib00A-ZzQ3B_6KLOovqOMg,Alodia Hair Care,"Hi Fellow Youtubers!!!  I have sooo many interest that it was kinda hard to narrow it down but these are the top 3 topics that will be discussed on this channel:

Long Term Transitioning to Natural Hair: I will document my transition to natural hair- what I do to maintain the health and my eventually transition to being natural

Education/ Married Life: I know these 2 topics seem like they dont go together-but for me they go hand and hand :) My husband and I are doctors ( he has his MD I have my PhD in Molecular Genetics) and we met in medical/grad school. We love what we do and  would like help anyone thinking about going down the medical/science road and also share what its like to commit yourself  to such a difficult field of study. I also would like to talk about  topics on marriage.

Cooking: I LOVE to cook :)- and would like to show the dishes I make and how I try to incorporate healthy aspects into my cooking.",Not Found,17300,307,UUib00A-ZzQ3B_6KLOovqOMg,https://www.youtube.com/channel/UCib00A-ZzQ3B_6KLOovqOMg,YouTube
UCaAwrHxFSFVEOd80Nbg08Vw,What Em Wore,"Hey guys :) sharing daily outfit ideas for a neutral, minimal wardrobe.  Instagram @whatemwore
",GB,160000,332,UUaAwrHxFSFVEOd80Nbg08Vw,https://www.youtube.com/channel/UCaAwrHxFSFVEOd80Nbg08Vw,YouTube
UCtNLrzyFb5tRnAyvW1weDyw,Your Hair Bestie ☆,"Hi, I’m Sunita Chhetri — Certified Trichologist and Hair Loss Researcher.
This channel is dedicated to science-backed hair care, scalp health education, and correcting common hair mistakes that lead to hair fall, breakage, and thinning.

Here, I share:
• Trichology-based hair care tips
• Hair fall causes & prevention
• Correct product usage (oil, shampoo, conditioner)
• Scalp health & growth-support routines
• Diet & lifestyle habits for healthy hair

For Business & PR opportunities, please email: yourhairbestiesunita@gmail.com
",IN,151000,426,UUtNLrzyFb5tRnAyvW1weDyw,https://www.youtube.com/channel/UCtNLrzyFb5tRnAyvW1weDyw,YouTube
UC67tw8K8nFtis39qB8px-FA,Beauty Review ,"Hello my all cute subscriber ❤️🥰
Wellcome to my channel Beauty Review 🥰💐

Please Watch in your spare time & subscribe my channel for beautyful videos❤️

Thanks for watching my videos🥰❤️
& support me ❤️🥰

",Not Found,37,35,UU67tw8K8nFtis39qB8px-FA,https://www.youtube.com/channel/UC67tw8K8nFtis39qB8px-FA,YouTube
UCzhjJGJFcGE1WiEzkOx8wYQ,Tiktok | Skincare routine,Hey,Not Found,58,53,UUzhjJGJFcGE1WiEzkOx8wYQ,https://www.youtube.com/channel/UCzhjJGJFcGE1WiEzkOx8wYQ,YouTube
UCu7Ld2o0QnLPm4j0gCn7Agw,SHEF,"Description
Hello everyone! It's me Shef. I am a skin and makeup student with a knack of fashion. My main goal for this channel is D.I.Y's, skin & makeup , laughter and everything in between. I just love to talk and laugh. Join me on my adventures!",IN,1760000,671,UUu7Ld2o0QnLPm4j0gCn7Agw,https://www.youtube.com/channel/UCu7Ld2o0QnLPm4j0gCn7Agw,YouTube
UC63x3lkE4W7dlaEhXGY4Dkg,Hailey Rhode Bieber,Hey guys! Welcome to my YouTube channel. From honest conversations to skincare routines to fashion fails – I can’t wait to dive into some of my most cherished passions and favorite people with all of you.,US,2760000,127,UU63x3lkE4W7dlaEhXGY4Dkg,https://www.youtube.com/channel/UC63x3lkE4W7dlaEhXGY4Dkg,YouTube
UCzJd-WQlf5koEIgqLPJOoFQ,khushi fashion haul,"     Welcome to Khushi Fashion Haul 💖
Yaha aapko milega affordable fashion, honest try-on reviews aur latest trending outfits ka complete haul!
Main har week share karti hoon:

👗 Meesho Haul

✨ Western & Ethnic Try On
💄 Makeup & Styling Tips
💰 Budget Friendly Fashion Ideas

Mera aim hai aapko best online fashion dikhana, jo trendy ho, affordable ho aur real review ke saath ho!
Agar aapko stylish outfits pasand hain, toh subscribe zaroor karein 🤍
✨ New videos every week!

👇 Follow for more updates                                                     E-mail id ...meenu.verma98965@gmail.com         https://www.instagram.com/pihuverma7470?igsh=a2JzN3o2ODZodHMx    ",IN,305,444,UUzJd-WQlf5koEIgqLPJOoFQ,https://www.youtube.com/channel/UCzJd-WQlf5koEIgqLPJOoFQ,YouTube
UC90pT5aJcB7rHi1FMh29NKA,The Beauty Review ,"""Namaste aur swagat hai mere YouTube channel 'The Beauty Review' par!

 Main aapko sabhi latest aur best beauty products ki review dene wali hoon. Makeup, beauty-related topics par main aapko apne vichar aur anubhav share karungi.

Mere channel par aapko milega:

- Honest aur detailed reviews
- Product roundups aur comparisons
- Aur bahut kuch!

Main aapko apne beauty journey mein madad karna chahti hoon. Toh please subscribe karein aur mere channel ko support karein.

Dhanyavad aap sabhi ko mere channel par aane ke liye!""",IN,8,70,UU90pT5aJcB7rHi1FMh29NKA,https://www.youtube.com/channel/UC90pT5aJcB7rHi1FMh29NKA,YouTube
UCD9bPMu-DpIKjLh_27IlBiw,Ayesha Aesthetic outfits,"“Fashion | Outfit Ideas | Style Inspiration ✨🖤”
",IN,27,24,UUD9bPMu-DpIKjLh_27IlBiw,https://www.youtube.com/channel/UCD9bPMu-DpIKjLh_27IlBiw,YouTube
UC1OSoh-MWmiLcOq9HLlttnA,SkinCareRoutine,,Not Found,0,14,UU1OSoh-MWmiLcOq9HLlttnA,https://www.youtube.com/channel/UC1OSoh-MWmiLcOq9HLlttnA,YouTube
